1;GLX2165;Спиральная с перемычкой;3231.617;10188237586964.455
2;GLX2706;Спиральная;8556866.274;22008775586984.94
3;GLX1970;Спиральная;3195027.778;8403103321246.939
4;GLX1502;Неправильная;1223262.823;7332904923096.604
5;GLX1702;Эллиптическая;1236915.918;5317992887651.905
6;GLX3674;Линзообразная;7972240.671;1576245601791.322
7;GLX4317;Эллиптическая;2638306.409;2687950832184.172
8;GLX4251;Спиральная с перемычкой;8658546.92;21657790968883.457
9;GLX2477;Спиральная;8919499.697;10709280325755.678
10;GLX4559;Неправильная;8563805.955;11699529239224.004
11;GLX39;Спиральная с перемычкой;7155871.213;17427075267437.865
12;GLX1098;Эллиптическая;8665391.083;13646811306235.344
13;GLX2624;Неправильная;8308818.037;20226929520629.496
14;GLX1006;Неправильная;228616.977;1152572222784.604
15;GLX4015;Спиральная с перемычкой;3511281.958;539560226305.352
16;GLX3351;Спиральная;7309136.271;4551284630037.574
17;GLX1076;Эллиптическая;6193918.946;6611410662539.467
18;GLX1681;Спиральная;4911681.861;17152086228262.096
19;GLX2723;Спиральная с перемычкой;2545720.096;14364538692975.58
20;GLX4534;Спиральная с перемычкой;2795993.743;10045022571264.32
21;GLX618;Спиральная с перемычкой;1413832.97;21033607173103.51
22;GLX2284;Эллиптическая;3061932.121;10690233772698.486
23;GLX1891;Спиральная с перемычкой;8653887.27;15467560763548.695
24;GLX2940;Неправильная;4718608.265;14552266206818.73
25;GLX3589;Спиральная;2611012.822;11089907756450.535
26;GLX1048;Спиральная с перемычкой;6468281.46;13151368231796.936
27;GLX2964;Спиральная с перемычкой;379001.312;15639223625520.672
28;GLX2220;Спиральная с перемычкой;1055574.271;10712402696389.725
29;GLX4145;Спиральная;4406128.047;22480683517690.13
30;GLX140;Спиральная;2871566.682;561504487463.915
31;GLX2203;Эллиптическая;8886132.152;4617107480543.161
32;GLX1539;Неправильная;1693372.915;18253790675318.355
33;GLX3687;Линзообразная;4847829.544;12897305161212.896
34;GLX1089;Линзообразная;2951634.855;21538723064000.984
35;GLX3456;Линзообразная;6733115.766;18064477243887.418
36;GLX827;Неправильная;7724488.364;10538209055076.98
37;GLX4802;Неправильная;8369956.466;17548057490460.441
38;GLX4350;Спиральная с перемычкой;5474927.188;6682556569707.386
39;GLX4973;Эллиптическая;4671019.751;11331716870864.11
40;GLX2493;Эллиптическая;5952000.857;16392597210639.732
41;GLX1418;Спиральная с перемычкой;5762041.386;16676127278763.424
42;GLX1509;Эллиптическая;7787952.02;15025821759705.291
43;GLX859;Линзообразная;1442119.486;10480647798533.63
44;GLX3389;Спиральная с перемычкой;1391527.032;13955795448362.041
45;GLX1813;Линзообразная;104290.607;11807188551252.502
46;GLX1902;Эллиптическая;1530612.388;10199447124354.152
47;GLX4925;Спиральная;3445104.121;11318804253221.238
48;GLX2347;Неправильная;2708318.578;6606801674755.174
49;GLX3949;Спиральная с перемычкой;4237250.931;10544769262701.438
50;GLX4568;Неправильная;5955181.258;8115717283212.872
51;GLX1065;Эллиптическая;8666848.397;16016217375588.016
52;GLX3261;Эллиптическая;6172910.923;16111609382053.104
53;GLX292;Спиральная с перемычкой;3325775.618;2900147281810.654
54;GLX2033;Неправильная;550167.528;12993303149821.008
55;GLX3997;Линзообразная;4229624.652;14610747359841.98
56;GLX3117;Линзообразная;2246309.852;2605484099039.929
57;GLX1546;Эллиптическая;4532807.857;21567595640163.117
58;GLX535;Спиральная с перемычкой;8566874.501;10030162163837.395
59;GLX4798;Неправильная;7883206.457;21142720178364.094
60;GLX677;Эллиптическая;7843027.989;7168192431022.428
61;GLX631;Неправильная;2545792.082;11761680760976.266
62;GLX1652;Неправильная;3784662.313;1181597615716.202
63;GLX3158;Линзообразная;8126368.258;22770178123006.152
64;GLX2581;Неправильная;8630839.321;2801709532094.218
65;GLX2600;Спиральная с перемычкой;6111862.168;15183080321619.29
66;GLX4414;Спиральная с перемычкой;5387544.16;19014498873881.418
67;GLX4598;Линзообразная;7603745.205;8133554656316.164
68;GLX4261;Неправильная;1844759.067;5317858435220.808
69;GLX657;Линзообразная;3796056.587;7846239286921.143
70;GLX2212;Неправильная;6275324.163;12721774009425.834
71;GLX1817;Неправильная;512614.772;13717140825716.115
72;GLX3020;Спиральная;5630936.098;16707479950971.932
73;GLX3148;Неправильная;574337.128;21953509520452.742
74;GLX4623;Спиральная;1265508.749;5810181252440.078
75;GLX2776;Неправильная;188888.421;16986205654152.834
76;GLX365;Спиральная с перемычкой;2006727.105;24425426764074.703
77;GLX1137;Неправильная;5054139.016;18673740352201.074
78;GLX1645;Эллиптическая;6403769.853;4679782613600.374
79;GLX1453;Линзообразная;7849971.538;21365680379087.047
80;GLX950;Неправильная;5194230.512;20307167087712.08
81;GLX4633;Спиральная;4794199.742;5884877785863.556
82;GLX2563;Спиральная;3432675.341;23894087327267.84
83;GLX4416;Спиральная с перемычкой;2409877.058;7286440450871.661
84;GLX576;Линзообразная;1602935.357;6342915669581.455
85;GLX4984;Спиральная;4719661.282;24439844842136.914
86;GLX4602;Эллиптическая;5492147.686;223927694648.569
87;GLX2944;Спиральная;8161083.51;13533531956268.754
88;GLX2145;Спиральная с перемычкой;3346832.013;17923187300110.76
89;GLX2927;Спиральная;7576229.414;2649873707890.047
90;GLX4302;Эллиптическая;3918451.796;24096904176098.047
91;GLX835;Неправильная;3562779.949;17439143472747.107
92;GLX429;Линзообразная;5654825.409;17454570820275.836
93;GLX243;Спиральная;7557384.214;10759467202027.777
94;GLX4664;Эллиптическая;4385949.821;18645720371477.418
95;GLX1816;Линзообразная;1323299.176;21009345324619.254
96;GLX1678;Эллиптическая;663847.649;13707928433935.375
97;GLX26;Эллиптическая;6864237.529;11136126000847.197
98;GLX1209;Спиральная;3061772.639;14881976180369.223
99;GLX1302;Эллиптическая;5378017.807;10362246512445.861
100;GLX605;Эллиптическая;4304889.389;24359047784422.25
101;GLX4373;Спиральная;8402538.255;22404507650709.75
102;GLX3810;Линзообразная;8158094.409;12617997751622.805
103;GLX3075;Неправильная;7296855.278;24242521518046.043
104;GLX4212;Спиральная;6776581.996;21974512044769.047
105;GLX1321;Линзообразная;7834177.176;21963551830017.207
106;GLX710;Неправильная;136259.771;22772417144816.348
107;GLX240;Спиральная;7436932.615;12054745188008.7
108;GLX2234;Эллиптическая;3975722.282;17333487174958.719
109;GLX2727;Неправильная;5104091.031;5049921718010.299
110;GLX3599;Неправильная;2873005.396;16576166209469.928
111;GLX1971;Спиральная;3855258.612;2113927121529.385
112;GLX3052;Неправильная;1204911.992;12271546388587.057
113;GLX1868;Спиральная с перемычкой;2124181.249;21568818334070.207
114;GLX4101;Спиральная с перемычкой;2516839.691;24072409473493.844
115;GLX3093;Спиральная;4134407.658;21902224612603.516
116;GLX4402;Спиральная с перемычкой;2998961.809;3818887664086.214
117;GLX2754;Неправильная;4545383.009;11192191468243.01
118;GLX4265;Эллиптическая;1502242.548;5342761002963.835
119;GLX245;Спиральная с перемычкой;1904018.73;397642502747.631
120;GLX4661;Спиральная;852773.914;311988198894.362
121;GLX196;Эллиптическая;4590277.463;17528930056070.926
122;GLX2439;Неправильная;8027092.296;1795098354297.325
123;GLX3549;Спиральная с перемычкой;2522907.12;11845499278884.555
124;GLX1140;Неправильная;5112993.437;13336758765826.312
125;GLX3504;Эллиптическая;3764301.033;20567461524545.027
126;GLX486;Спиральная с перемычкой;361852.984;3483686854569.361
127;GLX1739;Спиральная;4585780.371;16186877375919.33
128;GLX2328;Спиральная с перемычкой;2112336.981;17917904694197.695
129;GLX69;Эллиптическая;2541450.264;12001573449154.352
130;GLX3357;Эллиптическая;3976481.906;11128642182350.848
131;GLX4450;Неправильная;7737827.024;22089062652115.883
132;GLX2536;Линзообразная;6394261.098;4692976514636.771
133;GLX4681;Неправильная;4820582.562;3748354484198.521
134;GLX4689;Спиральная;3210515.443;22847915862821.965
135;GLX186;Линзообразная;5033328.863;3297653529445.255
136;GLX4937;Спиральная;7379831.943;2047942940497.082
137;GLX4073;Эллиптическая;6580927.516;18241081457557.16
138;GLX3728;Спиральная;7560373.576;22640813405795.965
139;GLX4677;Неправильная;4419220.893;14721321975312.723
140;GLX2644;Эллиптическая;3746955.389;3727109241399.925
141;GLX2821;Неправильная;3316520.618;5292096986993.93
142;GLX924;Спиральная;8058100.114;10350461228075.48
143;GLX2997;Неправильная;8223824.752;14800795181190.46
144;GLX2658;Эллиптическая;7013538.655;17121237542384.346
145;GLX2407;Эллиптическая;6197184.617;2454778074844.225
146;GLX2712;Спиральная с перемычкой;4688531.435;10568491739842.766
147;GLX3870;Спиральная;4360840.853;19524106573746.055
148;GLX3628;Спиральная;3205267.398;3016429660572.201
149;GLX3896;Эллиптическая;8930065.531;8994900535376.496
150;GLX230;Спиральная с перемычкой;6090627.18;1471247479461.966
151;GLX4343;Линзообразная;4592.279;18379969792494.4
152;GLX466;Спиральная с перемычкой;5694936.815;2577473423294.353
153;GLX2337;Спиральная;6478452.925;9529576045424.455
154;GLX918;Эллиптическая;2051241.836;4365455755838.047
155;GLX2653;Спиральная;515614.971;23137719507068.008
156;GLX2308;Линзообразная;794001.253;18256305522022.645
157;GLX1994;Спиральная с перемычкой;7476770.843;6129139174898.271
158;GLX772;Линзообразная;5111070.193;21135111578588.9
159;GLX2690;Линзообразная;2169537.669;1486043002559.799
160;GLX2129;Спиральная с перемычкой;180578.332;3827517206514.899
161;GLX517;Линзообразная;1725098.432;24378124057078.92
162;GLX45;Линзообразная;7756450.038;1041949431499.478
163;GLX4932;Спиральная с перемычкой;3436908.45;2683779021490.357
164;GLX1120;Линзообразная;462525.429;2234166923694.015
165;GLX636;Неправильная;3178785.368;4164252506809.086
166;GLX2672;Спиральная с перемычкой;5263690.925;18036000406986.45
167;GLX3842;Неправильная;5394682.912;10611329049800.408
168;GLX4769;Эллиптическая;4299217.446;15126319132608.865
169;GLX124;Спиральная;5566407.161;3292831339962.614
170;GLX4804;Спиральная;8935602.954;13043445571364.572
171;GLX488;Линзообразная;3710548.197;4627599291965.142
172;GLX3165;Линзообразная;7870293.748;23744493859300.375
173;GLX4842;Спиральная с перемычкой;552827.906;499743013493.211
174;GLX284;Неправильная;1580375.306;556620871579.878
175;GLX3371;Спиральная с перемычкой;756550.821;11007294862959.553
176;GLX4864;Эллиптическая;1794515.013;7210446492892.463
177;GLX1933;Спиральная с перемычкой;860533.568;14249895646492.04
178;GLX1526;Неправильная;4422805.917;19429309407585.527
179;GLX4052;Спиральная;4716437.825;14048157843124.877
180;GLX4362;Спиральная с перемычкой;3816540.575;16560114916117.033
181;GLX4303;Неправильная;5224862.794;3069185648472.156
182;GLX4593;Спиральная с перемычкой;2523786.417;10361564618031.662
183;GLX1451;Спиральная с перемычкой;5723029.784;21409483686974.633
184;GLX856;Линзообразная;1957404.059;11351948835702.73
185;GLX1130;Спиральная;762086.359;6066607940470.325
186;GLX2001;Неправильная;6230532.793;1258697129334.389
187;GLX3706;Спиральная;5352175.284;20462108283606.047
188;GLX2016;Эллиптическая;2882515.378;15131854160091.85
189;GLX4898;Спиральная;6879051.088;10383759147927.111
190;GLX4326;Эллиптическая;4853358.264;1792261498583.358
191;GLX775;Неправильная;1519484.928;23620199393399.633
192;GLX951;Спиральная с перемычкой;8800600.784;19560545372221.707
193;GLX4027;Линзообразная;78905.135;23292838431333.367
194;GLX1925;Спиральная;1863616.219;3610956683561.481
195;GLX2241;Эллиптическая;8034950.426;19646663675906.805
196;GLX3845;Эллиптическая;333829.91;11818778390853.383
197;GLX340;Эллиптическая;5215994.033;10109930674423.217
198;GLX2850;Неправильная;1615877.362;7681609712563.308
199;GLX1346;Спиральная с перемычкой;2940898.78;17105810128013.201
200;GLX2737;Линзообразная;2922668.707;23198778645676.91
201;GLX3887;Неправильная;8399835.556;10441429142753.305
202;GLX1342;Спиральная с перемычкой;6974726.53;13173224706840.783
203;GLX2833;Спиральная с перемычкой;5101806.7;6248549990969.784
204;GLX2543;Спиральная с перемычкой;4200245.974;12688617576002.691
205;GLX2668;Спиральная с перемычкой;4214798.518;10644486104176.219
206;GLX1850;Спиральная;5711757.638;4173170828482.31
207;GLX1340;Линзообразная;8507344.896;21672383431245.22
208;GLX2455;Спиральная;7872294.566;4422063354507.08
209;GLX3807;Спиральная с перемычкой;6712493.192;10414437542301.588
210;GLX3210;Эллиптическая;7301173.327;15230117920940.623
211;GLX2986;Неправильная;6264770.336;19617887519691.59
212;GLX2008;Неправильная;6449146.351;21519318217123.56
213;GLX4459;Спиральная;7651340.958;15776812417794.139
214;GLX4345;Эллиптическая;2444850.096;6366520808440.972
215;GLX2561;Спиральная с перемычкой;33456.258;3815894050243.123
216;GLX792;Спиральная с перемычкой;7599297.638;21754606634378.82
217;GLX4815;Линзообразная;37700.456;2945050275962.769
218;GLX707;Спиральная с перемычкой;24100.53;20084020814318.92
219;GLX3791;Спиральная с перемычкой;3198602.064;5096692238538.19
220;GLX611;Спиральная с перемычкой;1271002.199;16015259501960.93
221;GLX3650;Спиральная с перемычкой;8824160.566;15807219000553.035
222;GLX1087;Неправильная;2108562.749;9573676526755.807
223;GLX4705;Эллиптическая;2243284.596;1711655834160.182
224;GLX499;Линзообразная;4136660.083;16724984638347.85
225;GLX4567;Линзообразная;7913013.283;13219236945596.703
226;GLX3347;Спиральная;7650852.446;13815544366513.896
227;GLX3102;Спиральная с перемычкой;4064218.079;14083661084624.955
228;GLX178;Спиральная;4907364.824;18163770922043.21
229;GLX1814;Спиральная;1417846.193;24317396957544.24
230;GLX407;Спиральная;6368027.09;8098382560808.523
231;GLX4694;Спиральная;7973695.264;7136229420670.763
232;GLX2816;Эллиптическая;7243950.943;6591541705878.062
233;GLX3642;Спиральная с перемычкой;3049115.476;21191491657240.7
234;GLX3084;Неправильная;1764315.825;24411058520892.71
235;GLX3355;Неправильная;5121361.859;4056230183910.402
236;GLX3622;Спиральная;6936212.108;14801576410025.057
237;GLX2389;Линзообразная;3716173.39;11187406873028.73
238;GLX3900;Спиральная с перемычкой;8786405.636;2428586545988.362
239;GLX691;Неправильная;5429403.994;10350731069313.963
240;GLX37;Спиральная с перемычкой;5513237.869;15437853882668.24
241;GLX4990;Линзообразная;8068947.076;17898758145020.43
242;GLX1143;Спиральная;7805213.517;11900290715637.943
243;GLX1383;Спиральная с перемычкой;5625875.802;4936799442068.619
244;GLX3756;Спиральная с перемычкой;5965764.408;12173977388233.312
245;GLX4219;Неправильная;7315795.697;22298818482594.438
246;GLX2322;Эллиптическая;1185760.247;13083444825970.344
247;GLX2277;Спиральная с перемычкой;1803569.804;4774664352267.336
248;GLX3719;Спиральная с перемычкой;2425213.404;1788723921568.818
249;GLX326;Неправильная;387398.48;15704746576063.617
250;GLX202;Неправильная;8921847.219;11047039151413.232
251;GLX1299;Спиральная с перемычкой;3075008.418;22552179087896.07
252;GLX4453;Линзообразная;5039923.096;11876023147516.215
253;GLX4675;Эллиптическая;4335398.226;18558524783878.957
254;GLX4082;Эллиптическая;3258330.949;4333944937032.766
255;GLX2687;Линзообразная;6382454.059;4681108969264.108
256;GLX3562;Линзообразная;8119326.944;7796400092972.449
257;GLX4796;Неправильная;8057249.441;1299364055567.324
258;GLX3903;Спиральная с перемычкой;8280909.831;1833521400633.526
259;GLX1235;Линзообразная;6703119.929;7635524669485.653
260;GLX591;Эллиптическая;3108293.033;14619796025768.906
261;GLX610;Спиральная с перемычкой;3076622.542;22378617837195.332
262;GLX1800;Эллиптическая;2824943.676;1831871165634.308
263;GLX4113;Линзообразная;3912895.522;2184134652103.331
264;GLX1434;Эллиптическая;2987975.24;14864979040828.389
265;GLX887;Спиральная с перемычкой;7838385.806;18256633441505.58
266;GLX806;Спиральная;6889536.57;21324921406141.176
267;GLX3710;Эллиптическая;3107483.927;12213392972206.973
268;GLX3013;Неправильная;1655466.186;23993312377832.547
269;GLX673;Линзообразная;7079769.997;16298932618126.11
270;GLX3090;Линзообразная;6125676.387;5291943761110.244
271;GLX4960;Неправильная;8380068.398;3676725033940.485
272;GLX3568;Спиральная;5458016.64;6417642080951.805
273;GLX190;Спиральная;6971121.406;13239015932325.45
274;GLX221;Спиральная с перемычкой;3910530.957;18712077738578.7
275;GLX3078;Неправильная;5424106.525;14632458089811.182
276;GLX2450;Спиральная;5541384.209;13093974234556.186
277;GLX4836;Неправильная;3528866.959;18080450887494.78
278;GLX4033;Линзообразная;6970683.392;3298601829441.424
279;GLX3611;Спиральная;5349276.197;22063398650913.08
280;GLX3462;Эллиптическая;8820578.883;2668247609247.366
281;GLX2601;Неправильная;6804067.383;18737712949006.176
282;GLX1857;Эллиптическая;8920910.648;16593326555124.04
283;GLX1853;Спиральная с перемычкой;5842935.477;16542344691016.771
284;GLX1513;Неправильная;606828.905;17315873356506.945
285;GLX1114;Неправильная;5855575.221;8956264878437.252
286;GLX3700;Спиральная с перемычкой;7273784.566;8304250080478.242
287;GLX3276;Эллиптическая;259175.687;176350286645.779
288;GLX2233;Линзообразная;2359604.781;6332542317003.854
289;GLX402;Эллиптическая;8270441.89;6038167435039.328
290;GLX1241;Спиральная с перемычкой;1103778.699;7168853671419.688
291;GLX84;Неправильная;810180.242;16235846979709.613
292;GLX672;Линзообразная;5090274.163;17764830267040.19
293;GLX1879;Эллиптическая;519367.787;972027934391.386
294;GLX2589;Неправильная;7595975.181;1815747989041.906
295;GLX2487;Эллиптическая;1656295.992;10037067086115.621
296;GLX4551;Спиральная с перемычкой;94087.51;11478829642510.352
297;GLX3850;Спиральная с перемычкой;5339336.23;23952222239968.12
298;GLX24;Линзообразная;3005902.603;957381516453.82
299;GLX1400;Спиральная с перемычкой;7718912.466;5924061230034.073
300;GLX2717;Линзообразная;5114742.652;7558663645306.366
301;GLX1547;Эллиптическая;2126009.787;2416232109613.078
302;GLX4649;Спиральная с перемычкой;2919076.54;23350271640374.44
303;GLX2252;Эллиптическая;5854975.618;17627818854874.824
304;GLX1344;Неправильная;7865196.056;12317179828179.834
305;GLX3262;Спиральная;1368806.295;13900739364182.709
306;GLX3591;Линзообразная;5405328.401;1858385317941.559
307;GLX3983;Неправильная;1130218.434;39136328101.038
308;GLX4500;Эллиптическая;8313664.002;24379142659639.566
309;GLX4098;Эллиптическая;3699343.951;24142679611835.38
310;GLX2217;Спиральная с перемычкой;3835440.313;11813034637465.432
311;GLX3848;Спиральная;7149111.425;10255466994804.096
312;GLX2462;Спиральная;1722663.284;21490547446370.24
313;GLX4163;Эллиптическая;6209466.591;444027862135.614
314;GLX1548;Эллиптическая;8909596.85;10450897702140.549
315;GLX1049;Спиральная с перемычкой;7110982.916;21286336238756.81
316;GLX2539;Неправильная;7807316.712;14144913437948.918
317;GLX3597;Линзообразная;2724496.918;12981443066567.434
318;GLX213;Эллиптическая;3218358.544;2967740624653.538
319;GLX2847;Эллиптическая;863073.439;12127088725657.889
320;GLX1092;Спиральная с перемычкой;1104976.811;6306415322295.516
321;GLX1025;Спиральная с перемычкой;5111948.862;19193987898598.266
322;GLX1007;Эллиптическая;2742894.417;7325632530045.479
323;GLX1916;Линзообразная;6356882.912;18055574591210.71
324;GLX528;Эллиптическая;5271912.043;20504780228531.375
325;GLX644;Спиральная с перемычкой;2225802.442;13878410519697.676
326;GLX2201;Эллиптическая;872955.852;18469908145168.51
327;GLX3388;Эллиптическая;7712377.89;10588825494713.932
328;GLX375;Неправильная;4135594.072;16335384898524.89
329;GLX3561;Спиральная;1938308.697;266334077288.147
330;GLX484;Неправильная;3072606.13;19610506051545.477
331;GLX1819;Спиральная;29809.012;13098568865656.408
332;GLX3792;Эллиптическая;8175873.517;19540110434494.76
333;GLX4318;Линзообразная;4034532.72;2502933401107.3
334;GLX1009;Линзообразная;7748996.622;8797063505787.094
335;GLX2720;Линзообразная;7463517.838;1491453901609.282
336;GLX1139;Спиральная с перемычкой;7701928.47;16694268746422.371
337;GLX876;Спиральная;8102365.36;23870084979867.27
338;GLX1859;Эллиптическая;4949211.377;18540922912350.723
339;GLX3556;Неправильная;187899.876;20021826554329.457
340;GLX2113;Линзообразная;4222285.933;8657740791268.397
341;GLX4650;Линзообразная;7933269.961;10450061070452.994
342;GLX4020;Неправильная;7915836.398;16166080612224.508
343;GLX4491;Эллиптическая;2182731.5;16008097936131.451
344;GLX439;Неправильная;4016542.429;17159656791278.455
345;GLX548;Спиральная;8711006.608;16941606922612.332
346;GLX666;Неправильная;2629185.286;20839230430508.133
347;GLX2413;Эллиптическая;1249280.016;13608991941413.553
348;GLX1904;Линзообразная;5121083.136;14000783738198.479
349;GLX2853;Неправильная;7730502.407;19678482659931.367
350;GLX2048;Спиральная с перемычкой;2380175.472;12110340736783.246
351;GLX1715;Спиральная;7055582.576;13864773858427.94
352;GLX1457;Неправильная;8564332.67;22649082955095.816
353;GLX3886;Линзообразная;3132278.572;8300735985319.411
354;GLX4157;Спиральная;210600.295;18076280678583.7
355;GLX3175;Неправильная;891782.658;14638403971799.578
356;GLX1297;Спиральная с перемычкой;385527.813;14183381807432.242
357;GLX1377;Спиральная с перемычкой;7319506.608;6906726744228.68
358;GLX4948;Неправильная;789569.001;22217438338355.41
359;GLX4920;Спиральная с перемычкой;3694250.071;18880716130952.0
360;GLX4321;Неправильная;8954540.371;418069023875.573
361;GLX2886;Линзообразная;3990936.928;15610147057828.285
362;GLX4230;Неправильная;1565060.3;3849955778034.527
363;GLX1466;Линзообразная;2874092.581;10682842129052.607
364;GLX2863;Неправильная;383218.685;17036782521636.26
365;GLX960;Неправильная;177555.878;24171110282928.72
366;GLX4729;Эллиптическая;4370478.949;3341118852562.824
367;GLX3868;Линзообразная;2205552.974;11351298777789.152
368;GLX2306;Спиральная;5377021.644;10166028598355.8
369;GLX4043;Неправильная;5647979.236;15653377658853.54
370;GLX131;Спиральная;6060429.744;12128175331345.271
371;GLX4850;Спиральная;8241692.883;563774570461.053
372;GLX3625;Неправильная;971257.505;1914491929108.908
373;GLX195;Спиральная с перемычкой;4686483.991;15315081232466.16
374;GLX4223;Неправильная;6606357.327;12557320888786.682
375;GLX1015;Спиральная;432433.264;15420983341616.617
376;GLX3902;Неправильная;7960950.194;24082858001579.36
377;GLX2327;Эллиптическая;220099.113;15432461571517.996
378;GLX2562;Спиральная с перемычкой;2141761.478;8798988434846.594
379;GLX3934;Эллиптическая;557482.313;9833568633983.986
380;GLX43;Спиральная с перемычкой;732653.036;10483753223960.104
381;GLX1364;Эллиптическая;2153960.899;10782321953664.746
382;GLX4900;Спиральная с перемычкой;3858571.256;18087436148503.51
383;GLX1782;Линзообразная;3079640.727;14096316120572.94
384;GLX781;Линзообразная;4497419.336;22687429345832.305
385;GLX3431;Неправильная;4742135.932;9014142801676.39
386;GLX4983;Линзообразная;3727867.793;22048170133345.973
387;GLX2751;Линзообразная;1542625.307;14248486096343.105
388;GLX885;Линзообразная;7029150.502;7372802529277.032
389;GLX4476;Неправильная;3321969.293;21201328816446.15
390;GLX67;Линзообразная;4282910.519;16516209620551.938
391;GLX1218;Неправильная;8587556.443;9323986840732.83
392;GLX912;Неправильная;7617388.653;15040854737818.344
393;GLX3312;Спиральная с перемычкой;4826338.353;4154416068214.357
394;GLX1639;Линзообразная;937541.714;3456433977634.24
395;GLX4171;Спиральная;8534854.39;14382144123434.184
396;GLX1962;Спиральная с перемычкой;8354153.607;14928240172058.734
397;GLX2753;Линзообразная;1578772.184;22896494065287.832
398;GLX2123;Эллиптическая;4714226.225;4557707251189.425
399;GLX4854;Неправильная;1691500.662;21104902379836.715
400;GLX1608;Спиральная;5017837.204;9439969427721.316
401;GLX2726;Спиральная с перемычкой;2116582.43;1616974618493.403
402;GLX4946;Неправильная;4262749.367;4181194691227.738
403;GLX261;Эллиптическая;389403.962;6772325733975.549
404;GLX3;Спиральная;5436942.518;24354582272672.91
405;GLX3528;Неправильная;3361570.268;21378295343260.605
406;GLX783;Спиральная с перемычкой;4676328.325;9938181197412.232
407;GLX2326;Спиральная;1024998.107;2990288888581.666
408;GLX2028;Неправильная;3933553.103;11841047250891.355
409;GLX1839;Линзообразная;6391892.698;10061408415607.191
410;GLX3963;Эллиптическая;5252815.863;2535162130914.807
411;GLX756;Линзообразная;7582025.489;15876794082328.27
412;GLX4025;Спиральная;7506137.463;6665143977826.163
413;GLX177;Спиральная с перемычкой;4348870.548;2194098813515.204
414;GLX2038;Спиральная;1406546.17;21717275662190.49
415;GLX4857;Линзообразная;4879060.612;1394419645099.184
416;GLX2829;Спиральная;5663332.152;13421489592276.336
417;GLX4335;Линзообразная;1749668.342;15980744360021.611
418;GLX3468;Спиральная;3926698.899;17559478438897.818
419;GLX796;Эллиптическая;8351597.338;20710439295454.477
420;GLX1709;Спиральная с перемычкой;5559959.481;23509171697177.504
421;GLX973;Неправильная;487260.848;16117246419458.129
422;GLX4331;Эллиптическая;4505801.119;15954400916728.271
423;GLX154;Спиральная с перемычкой;4985885.811;7036449018651.001
424;GLX271;Неправильная;550606.534;2501392528358.854
425;GLX653;Линзообразная;1165548.546;8541823929371.72
426;GLX1514;Эллиптическая;1730250.698;265178548316.121
427;GLX3524;Спиральная;8951376.453;9330510326022.213
428;GLX1713;Линзообразная;8466484.547;6620077621792.648
429;GLX968;Спиральная с перемычкой;5712682.042;22296030435726.633
430;GLX4130;Линзообразная;2418889.808;6577355104629.675
431;GLX2303;Эллиптическая;139242.286;13497126177331.105
432;GLX2888;Неправильная;794290.801;15551941487680.576
433;GLX4901;Неправильная;8270587.481;15225620787268.691
434;GLX1471;Спиральная;8702598.716;16081325087533.996
435;GLX3304;Эллиптическая;6910162.144;9436408626025.82
436;GLX3847;Эллиптическая;3620895.875;11192886782854.896
437;GLX3348;Линзообразная;8500210.342;1283830252210.535
438;GLX119;Неправильная;7137566.272;13791940936264.055
439;GLX4906;Спиральная с перемычкой;411799.356;15657729463425.752
440;GLX18;Спиральная с перемычкой;3623530.017;291869128499.333
441;GLX2550;Линзообразная;746802.85;22515939724780.906
442;GLX854;Спиральная;7874672.479;22375223615815.66
443;GLX3017;Спиральная с перемычкой;6019524.061;16486695972335.96
444;GLX1176;Неправильная;6424517.634;20900715352001.996
445;GLX1742;Эллиптическая;8227651.024;7753643384913.728
446;GLX4876;Спиральная;6795662.409;15397583382662.96
447;GLX4090;Спиральная с перемычкой;337672.975;17348607192399.754
448;GLX4042;Неправильная;4107306.463;11592822968641.023
449;GLX4363;Линзообразная;1642111.506;19853475979255.617
450;GLX1643;Линзообразная;5743576.022;10877124601038.379
451;GLX1316;Эллиптическая;5842857.681;12137318659478.695
452;GLX1750;Линзообразная;7955681.849;1765576066543.417
453;GLX1828;Линзообразная;1222644.927;4296477858691.276
454;GLX1051;Неправильная;6233845.667;5816279304334.259
455;GLX1577;Спиральная с перемычкой;486935.984;13252639090039.27
456;GLX3727;Эллиптическая;893728.741;15709904661252.771
457;GLX1949;Линзообразная;4306386.95;11980367451734.555
458;GLX1614;Спиральная с перемычкой;8989439.329;9229981009289.416
459;GLX3006;Эллиптическая;390175.913;12442204759854.281
460;GLX4077;Эллиптическая;7686764.838;1633655754282.159
461;GLX4011;Спиральная;4185218.724;2299000272432.515
462;GLX352;Неправильная;1558297.405;20414390527733.17
463;GLX3600;Эллиптическая;223130.378;18424799811648.008
464;GLX2078;Спиральная с перемычкой;6047551.862;661765813030.608
465;GLX1677;Спиральная с перемычкой;5998930.599;8682359785848.002
466;GLX3958;Линзообразная;6559222.553;979225924423.251
467;GLX1748;Неправильная;7621088.692;9251754598696.771
468;GLX4606;Спиральная;5285736.74;23318669022651.29
469;GLX976;Эллиптическая;6165250.284;12817358056190.705
470;GLX1692;Линзообразная;8078840.6;19027462634535.418
471;GLX4255;Спиральная с перемычкой;1000969.334;13358897589658.639
472;GLX4506;Спиральная с перемычкой;3392642.761;16634093521621.2
473;GLX4953;Линзообразная;1169089.646;15683925356109.912
474;GLX1931;Неправильная;7874880.578;4926809446527.1
475;GLX1477;Неправильная;6250616.287;3423251550298.299
476;GLX2774;Спиральная;6687961.953;19926742764479.85
477;GLX1447;Спиральная;1047785.738;5661780199292.604
478;GLX378;Линзообразная;3888915.563;5067000460017.328
479;GLX2725;Спиральная с перемычкой;4749737.417;10638229997850.717
480;GLX454;Линзообразная;2265108.154;21503833891706.79
481;GLX4813;Линзообразная;6895862.05;8548514520504.301
482;GLX1455;Эллиптическая;7374833.102;2370131849270.342
483;GLX3665;Линзообразная;3638586.899;23848993701787.57
484;GLX20;Спиральная;4239788.477;635222509585.327
485;GLX1779;Спиральная с перемычкой;1570406.958;434899315043.069
486;GLX1103;Эллиптическая;4320651.345;17524267585423.988
487;GLX2003;Эллиптическая;8723980.372;10667015176214.068
488;GLX4647;Спиральная;1236170.784;3745889479487.654
489;GLX4831;Спиральная;1593178.786;15584325484456.627
490;GLX2110;Неправильная;8788830.09;16999639349152.562
491;GLX4218;Линзообразная;6347964.755;18636162520326.754
492;GLX437;Спиральная с перемычкой;5815099.672;3883158539705.29
493;GLX2508;Спиральная с перемычкой;7830140.168;24029421571618.312
494;GLX2400;Линзообразная;5580696.5;14484719086805.848
495;GLX4469;Эллиптическая;6169614.685;10759024070312.762
496;GLX2297;Эллиптическая;8149281.442;6148458070584.001
497;GLX4844;Неправильная;5697664.704;15236541877957.475
498;GLX3580;Спиральная;108989.724;14201187401672.096
499;GLX1132;Неправильная;5583085.985;11629350584373.787
500;GLX231;Спиральная с перемычкой;3894062.848;18449251956256.76
501;GLX3427;Спиральная с перемычкой;5494597.798;20418458481759.51
502;GLX1222;Неправильная;7967969.145;21851689597136.008
503;GLX2841;Спиральная с перемычкой;1815838.569;8023803479283.404
504;GLX4107;Спиральная;5321137.263;13635818552329.146
505;GLX374;Спиральная с перемычкой;7208845.616;15767415974201.102
506;GLX3118;Линзообразная;227081.801;613280832428.161
507;GLX2393;Спиральная с перемычкой;7440824.57;19806432583552.8
508;GLX1031;Неправильная;1692033.42;21703355546220.137
509;GLX4270;Спиральная с перемычкой;5397459.061;9915292476056.824
510;GLX4535;Неправильная;3165739.091;21942603198257.18
511;GLX599;Линзообразная;6439416.096;15967255900999.852
512;GLX1167;Спиральная с перемычкой;7766957.026;13481237220570.025
513;GLX722;Спиральная с перемычкой;6456147.868;14024850761946.266
514;GLX2058;Эллиптическая;4551931.516;23487922187716.312
515;GLX2390;Линзообразная;7644624.017;23946077634477.32
516;GLX3553;Линзообразная;6914965.307;11678870662206.445
517;GLX1624;Спиральная;6895800.695;21534967934933.57
518;GLX310;Линзообразная;4638421.95;15966482715686.156
519;GLX3531;Эллиптическая;3902244.236;24525871629104.43
520;GLX1185;Линзообразная;4666620.747;10898260650736.396
521;GLX4620;Линзообразная;8762572.251;2780463738308.782
522;GLX2202;Линзообразная;7422613.06;20752632301842.957
523;GLX3452;Линзообразная;7561170.673;5592931112923.021
524;GLX300;Эллиптическая;5657905.594;14736197524309.857
525;GLX4981;Неправильная;6840407.043;21629303840978.625
526;GLX1733;Линзообразная;722472.771;9030064704838.824
527;GLX1293;Неправильная;8385843.519;3420753924012.51
528;GLX2537;Спиральная;1865623.878;19396151408142.816
529;GLX733;Эллиптическая;8494674.551;3290220057150.645
530;GLX3521;Спиральная с перемычкой;7907048.454;20061528842502.902
531;GLX4242;Неправильная;5586452.59;8666191324461.06
532;GLX3910;Линзообразная;4021656.08;11579985948477.99
533;GLX2339;Линзообразная;6410464.174;16429842250011.814
534;GLX3698;Неправильная;6771109.972;7133783389582.317
535;GLX4707;Эллиптическая;7309260.319;22296887499786.89
536;GLX4723;Неправильная;3873617.173;18466516302072.42
537;GLX1159;Эллиптическая;1173018.456;15638571503128.133
538;GLX3205;Неправильная;4939024.825;16675091716853.066
539;GLX1622;Эллиптическая;5108630.386;1623292655722.657
540;GLX1956;Спиральная с перемычкой;5916799.538;18033020757493.777
541;GLX4646;Эллиптическая;8023558.218;24342865463536.25
542;GLX2000;Неправильная;8942908.116;7790482695029.87
543;GLX336;Эллиптическая;3658749.978;21283689166889.152
544;GLX584;Линзообразная;6417615.354;14462731985103.053
545;GLX3255;Эллиптическая;7033867.332;18943579089646.203
546;GLX1588;Неправильная;8198678.683;13092938900298.773
547;GLX3206;Спиральная;8350061.948;18701852516125.5
548;GLX2196;Линзообразная;4703217.574;4711403215976.125
549;GLX907;Неправильная;4793309.07;2907300203537.629
550;GLX2377;Неправильная;1817666.651;20798013750395.656
551;GLX1618;Спиральная;8049438.667;4664505047268.229
552;GLX4621;Неправильная;6257962.483;4193425274544.979
553;GLX1175;Спиральная с перемычкой;5075716.241;15433133916438.516
554;GLX4311;Линзообразная;1226393.741;8782360006823.362
555;GLX4026;Эллиптическая;8156259.528;20308402638390.2
556;GLX19;Эллиптическая;7575071.401;8298089206383.328
557;GLX1540;Линзообразная;1893970.707;6888952841593.883
558;GLX732;Спиральная;3691454.466;19248685811351.78
559;GLX3496;Неправильная;4161887.132;15829671551000.492
560;GLX2167;Линзообразная;6096431.109;23090708943035.293
561;GLX2685;Эллиптическая;3799251.846;24085902677606.727
562;GLX446;Линзообразная;5868414.286;6157667702595.32
563;GLX898;Неправильная;6256749.355;6472503728406.324
564;GLX471;Эллиптическая;1294172.064;19156180940738.03
565;GLX2191;Линзообразная;7525961.204;7480124352180.169
566;GLX4069;Эллиптическая;5431033.009;19418495440259.953
567;GLX357;Спиральная с перемычкой;4329776.767;8037626806825.487
568;GLX1794;Спиральная с перемычкой;3928565.572;14964884362500.086
569;GLX1525;Линзообразная;409668.414;21420870092501.83
570;GLX4944;Неправильная;582492.219;17554291457616.209
571;GLX1312;Спиральная с перемычкой;3619294.55;14405051248407.68
572;GLX4505;Спиральная с перемычкой;3892300.954;22686055658689.242
573;GLX1204;Спиральная;2175554.225;19328906036670.195
574;GLX33;Линзообразная;6732830.239;1010952699607.924
575;GLX3913;Спиральная;5097012.258;24406259749533.418
576;GLX1124;Неправильная;4136050.019;2659958294977.946
577;GLX1649;Спиральная с перемычкой;2181528.858;21698110446495.785
578;GLX754;Неправильная;1074677.479;12519286386978.56
579;GLX2811;Неправильная;2450670.134;4982334650264.988
580;GLX4883;Спиральная с перемычкой;5051091.375;15176733101325.85
581;GLX1105;Спиральная;6776439.082;558315945764.959
582;GLX3237;Эллиптическая;2608867.932;24318413862632.94
583;GLX353;Спиральная;4544764.325;10939386488916.818
584;GLX1763;Эллиптическая;7625152.78;15647949454755.412
585;GLX4342;Эллиптическая;970038.895;23044883917087.086
586;GLX1216;Неправильная;7016302.284;11915317249319.754
587;GLX926;Эллиптическая;3459126.279;10748227737649.242
588;GLX1348;Спиральная;357434.79;4541581880216.745
589;GLX2294;Спиральная с перемычкой;4835730.461;13023424662244.047
590;GLX3161;Спиральная;5322488.332;11469261079991.91
591;GLX133;Неправильная;5691063.968;12468942752764.986
592;GLX3952;Линзообразная;1280028.779;8280328043568.092
593;GLX984;Спиральная;6723661.871;1797028509510.408
594;GLX902;Эллиптическая;4709507.201;6605365922608.622
595;GLX4612;Спиральная с перемычкой;8747295.052;22669220161924.043
596;GLX676;Неправильная;1817678.752;12698850602865.98
597;GLX3532;Линзообразная;643618.647;10434075693675.008
598;GLX601;Линзообразная;7005158.167;9762971451731.81
599;GLX4460;Неправильная;4211891.844;4254323487115.017
600;GLX4347;Эллиптическая;3945495.122;22205759735280.582
601;GLX1085;Спиральная с перемычкой;4740844.533;4194847672151.994
602;GLX3299;Спиральная;2086289.206;10414884073855.889
603;GLX4419;Неправильная;7170674.363;11267223611746.64
604;GLX166;Спиральная с перемычкой;4074018.314;14498348115026.469
605;GLX4795;Спиральная;4871596.881;16571456155186.064
606;GLX3387;Спиральная;4486355.068;8726875749653.997
607;GLX2319;Спиральная с перемычкой;831036.902;22606124649133.613
608;GLX3130;Неправильная;6819046.736;7031944145016.741
609;GLX61;Линзообразная;2851934.843;18016823572560.258
610;GLX2966;Линзообразная;3322177.19;4319412678478.08
611;GLX1924;Эллиптическая;2396461.201;23541481383622.88
612;GLX2698;Эллиптическая;7375953.834;14305250638335.691
613;GLX2290;Неправильная;1673043.205;18457744742344.35
614;GLX4457;Эллиптическая;2115663.4;4567716304689.806
615;GLX3987;Спиральная;101810.899;12190128599688.693
616;GLX4566;Спиральная;8393699.018;23482167187579.812
617;GLX4686;Спиральная с перемычкой;5342856.079;5150910364725.113
618;GLX4749;Неправильная;2256866.271;277049271518.968
619;GLX4296;Линзообразная;234381.848;24327258560755.84
620;GLX4420;Спиральная;5320716.74;9860713139559.213
621;GLX921;Неправильная;7402003.928;8703633500494.054
622;GLX3044;Спиральная;2338204.375;7363431840173.735
623;GLX4189;Неправильная;4796607.054;6953601875035.193
624;GLX4603;Спиральная;6129419.079;10873530154176.441
625;GLX1215;Неправильная;779728.812;19290802877041.664
626;GLX2188;Линзообразная;7823855.178;3718806966491.846
627;GLX2998;Линзообразная;4259746.906;15383302572898.691
628;GLX4824;Эллиптическая;8151755.197;7530246316409.984
629;GLX2827;Эллиптическая;1933066.22;7728860509651.245
630;GLX829;Спиральная;4372938.208;21211541213020.523
631;GLX410;Эллиптическая;6728220.3;9829757624254.7
632;GLX766;Спиральная;3003915.592;1103495072931.948
633;GLX2701;Спиральная с перемычкой;1080913.868;5234657454478.667
634;GLX2140;Неправильная;3156574.156;23902528956687.0
635;GLX3529;Линзообразная;6020333.156;23509509612541.965
636;GLX2990;Спиральная;1887220.095;6838479463019.707
637;GLX3244;Неправильная;1685739.955;3728849232136.099
638;GLX2260;Линзообразная;1905800.78;3310016977885.08
639;GLX3225;Спиральная с перемычкой;7910396.193;22378257194938.617
640;GLX577;Спиральная;5553145.116;22119814003486.168
641;GLX3460;Линзообразная;3319873.145;12640470024711.922
642;GLX4812;Неправильная;4701808.539;5779406174681.807
643;GLX2580;Эллиптическая;2525770.263;22057653229029.176
644;GLX4588;Линзообразная;5448121.142;8452569798821.885
645;GLX3208;Неправильная;8313587.971;17067001719633.805
646;GLX4696;Спиральная;381061.311;17544984085037.688
647;GLX2577;Эллиптическая;1618565.197;5517148434994.209
648;GLX1864;Линзообразная;5260002.333;4393145210699.568
649;GLX531;Эллиптическая;6779667.82;1802386692492.961
650;GLX3219;Линзообразная;8968172.078;20537920441368.33
651;GLX2095;Спиральная;5803505.506;8676317246015.467
652;GLX2883;Линзообразная;2267450.357;16267296258848.568
653;GLX3223;Линзообразная;5489088.95;19238934595057.066
654;GLX2064;Спиральная;4425440.113;762219030415.917
655;GLX120;Спиральная;542553.596;2879910604786.917
656;GLX1691;Спиральная;4282203.185;9512818930634.209
657;GLX360;Спиральная;2499904.907;4502204776652.661
658;GLX4908;Линзообразная;2346649.5;11080696540279.73
659;GLX4571;Эллиптическая;1081509.952;12426592034284.312
660;GLX2899;Спиральная с перемычкой;5927296.155;20292013758290.02
661;GLX3139;Эллиптическая;3941153.978;14341577450238.783
662;GLX2715;Спиральная с перемычкой;1111383.937;7016475139785.977
663;GLX2346;Линзообразная;922259.025;12025600132919.52
664;GLX1367;Спиральная;2494477.55;3616580719063.429
665;GLX613;Линзообразная;2295286.259;24142137563431.223
666;GLX3291;Неправильная;3837782.295;24244991727572.004
667;GLX4980;Спиральная;985835.175;14607150806879.271
668;GLX3260;Спиральная с перемычкой;4975827.799;8909847664510.525
669;GLX4092;Неправильная;3733252.304;3056215202561.183
670;GLX3742;Эллиптическая;7284528.434;2289017258280.169
671;GLX4794;Эллиптическая;510185.893;3677631714499.928
672;GLX3103;Линзообразная;7820885.126;3663494388223.135
673;GLX4063;Спиральная;3664162.44;8359772190421.338
674;GLX1117;Спиральная с перемычкой;347277.621;4325490171324.817
675;GLX883;Линзообразная;1302967.868;4251335990259.063
676;GLX3124;Спиральная с перемычкой;6187837.407;5141560391915.491
677;GLX1680;Неправильная;4987500.791;6043307947056.767
678;GLX4573;Спиральная;8732937.057;19546942255966.29
679;GLX465;Спиральная;4120043.425;17485522823954.092
680;GLX3980;Неправильная;984507.135;18323679002306.402
681;GLX1481;Эллиптическая;5565592.023;22376108171676.953
682;GLX4699;Линзообразная;8157161.802;23657719932152.676
683;GLX3107;Эллиптическая;1583167.245;15352512262836.627
684;GLX2902;Неправильная;5012078.776;190477906081.808
685;GLX2127;Спиральная;7333630.714;22291414126110.023
686;GLX655;Спиральная;8330945.144;6888293493736.903
687;GLX2256;Спиральная с перемычкой;4166340.36;13137706154706.75
688;GLX2447;Спиральная с перемычкой;6662206.452;7361218602378.35
689;GLX3664;Эллиптическая;7086164.824;10541922471392.182
690;GLX3830;Неправильная;8188156.937;6437136492997.796
691;GLX4048;Линзообразная;6518408.283;2736348394409.715
692;GLX2921;Спиральная с перемычкой;6320283.496;3239177029312.742
693;GLX1177;Неправильная;8483289.63;1237240320994.894
694;GLX3024;Линзообразная;2142544.769;5963183959660.203
695;GLX418;Эллиптическая;2260726.306;1336187452573.642
696;GLX167;Спиральная с перемычкой;3619936.973;14778852301703.76
697;GLX1332;Линзообразная;8202785.029;84801086747.687
698;GLX4852;Неправильная;7137238.207;3691795470305.867
699;GLX4315;Эллиптическая;2260671.268;23965707924330.863
700;GLX986;Спиральная;8446367.761;15124500763957.11
701;GLX273;Спиральная с перемычкой;572642.932;4012458687462.724
702;GLX3760;Неправильная;5593737.787;7931190084708.976
703;GLX1432;Линзообразная;736202.85;12999703850228.191
704;GLX1609;Неправильная;1937133.258;18367607098946.207
705;GLX1882;Неправильная;1880078.547;23417985297105.605
706;GLX2517;Неправильная;6073285.139;1126268775734.682
707;GLX2622;Спиральная с перемычкой;2122802.741;8700329749647.682
708;GLX833;Неправильная;8958597.981;6900077074134.571
709;GLX972;Спиральная с перемычкой;1514097.14;7617136468650.764
710;GLX3843;Неправильная;3815234.336;11191452161142.02
711;GLX4360;Спиральная с перемычкой;8767236.992;14806549675255.53
712;GLX1875;Неправильная;5634900.31;10797008917759.602
713;GLX2410;Спиральная;4732773.594;14302041318106.074
714;GLX4780;Спиральная;1365726.738;18637353118763.836
715;GLX1600;Спиральная с перемычкой;5171736.878;815738351678.159
716;GLX3817;Линзообразная;1806200.495;9619810785068.428
717;GLX3620;Спиральная;8330945.684;11000691289527.748
718;GLX3128;Неправильная;6858355.228;24443744164719.523
719;GLX354;Эллиптическая;5793337.32;5164181542051.001
720;GLX3676;Линзообразная;5889735.231;8765841923728.31
721;GLX758;Эллиптическая;3789703.568;17498127174958.88
722;GLX3536;Неправильная;8657073.626;16533845776429.352
723;GLX900;Неправильная;3932580.178;3816155078537.363
724;GLX4735;Неправильная;4095611.297;1420965365349.689
725;GLX306;Спиральная;5837774.765;21015248632735.734
726;GLX3723;Линзообразная;6330198.272;21746077670342.17
727;GLX1171;Линзообразная;2863755.352;7558415468734.21
728;GLX2710;Линзообразная;5929154.786;16680034025977.588
729;GLX4088;Эллиптическая;1952545.124;19092253708927.99
730;GLX3273;Спиральная с перемычкой;2457388.302;14427407186594.693
731;GLX2106;Линзообразная;2532495.019;17140304712540.633
732;GLX2666;Неправильная;6605273.194;5457730700022.34
733;GLX2703;Спиральная с перемычкой;8684455.206;22853123753507.64
734;GLX4644;Спиральная;3982754.65;9360116468152.771
735;GLX135;Эллиптическая;5202155.587;21013624486657.88
736;GLX1786;Эллиптическая;1199699.564;21725894490992.67
737;GLX649;Линзообразная;7463966.38;5676893543192.516
738;GLX4286;Спиральная;5444069.336;6561235027088.587
739;GLX1847;Спиральная;2720636.029;9602868644571.51
740;GLX4012;Линзообразная;4833600.097;12964765367801.244
741;GLX3867;Спиральная;3015910.206;18513199900120.92
742;GLX3757;Эллиптическая;7930352.194;22089813541087.277
743;GLX1515;Спиральная с перемычкой;2809489.03;12656268091150.23
744;GLX1947;Линзообразная;8677003.832;23050156880908.977
745;GLX416;Эллиптическая;2093071.926;6469272740446.24
746;GLX1590;Спиральная с перемычкой;8215217.883;21742201354187.21
747;GLX1165;Эллиптическая;6103378.512;2294393216421.064
748;GLX460;Эллиптическая;7091254.47;21757991564001.06
749;GLX967;Линзообразная;7261627.585;17741164758802.664
750;GLX3061;Линзообразная;488540.488;7555650067219.805
751;GLX2949;Эллиптическая;8642777.3;9154414596261.295
752;GLX2520;Неправильная;6625439.004;16037227609337.26
753;GLX1840;Спиральная;2754531.514;13849886655669.129
754;GLX3818;Спиральная;4526629.176;23069552939219.566
755;GLX1408;Линзообразная;1284533.422;18336686323495.29
756;GLX2926;Неправильная;5798683.178;18423676365946.58
757;GLX2053;Спиральная с перемычкой;8284172.225;15237186375204.691
758;GLX3257;Эллиптическая;779497.321;18854529260862.633
759;GLX684;Неправильная;3648638.408;6267150691168.352
760;GLX1060;Эллиптическая;4283565.36;10205931835571.457
761;GLX3729;Эллиптическая;1675564.98;4863628599209.496
762;GLX487;Линзообразная;1970808.297;11643601681453.637
763;GLX4202;Неправильная;3559136.426;19331618917317.355
764;GLX1787;Эллиптическая;1653852.314;8668426877888.329
765;GLX615;Эллиптическая;6008892.318;86212485119.928
766;GLX3409;Линзообразная;8496300.439;3526944178472.777
767;GLX2415;Спиральная;2586139.78;17010281026261.781
768;GLX2530;Спиральная;2651013.535;14776486347653.36
769;GLX346;Спиральная;3672979.93;2820772570850.704
770;GLX4792;Неправильная;4534154.806;22438531785243.723
771;GLX2372;Эллиптическая;5114046.959;4777817698937.554
772;GLX3370;Неправильная;7738016.654;20606139535238.242
773;GLX728;Спиральная;3590781.889;22069160877032.613
774;GLX121;Неправильная;2124100.439;4875205431643.109
775;GLX318;Спиральная;5906308.356;13800693118502.121
776;GLX4779;Спиральная;4810994.431;6744588721984.523
777;GLX931;Эллиптическая;5548368.044;7369318390075.139
778;GLX458;Эллиптическая;7778255.919;14583741961939.342
779;GLX1226;Неправильная;5401372.812;13279721396248.645
780;GLX4841;Неправильная;5135621.613;6164239144805.011
781;GLX1952;Эллиптическая;195068.208;11676279788224.34
782;GLX4406;Неправильная;486776.308;18593267482663.117
783;GLX604;Эллиптическая;5973494.398;4484488353490.136
784;GLX583;Спиральная;2087270.947;16230976365333.816
785;GLX2373;Спиральная;3922455.735;1213469924689.488
786;GLX462;Спиральная;7911451.113;9045988974670.85
787;GLX431;Спиральная с перемычкой;7645667.552;9965650296894.42
788;GLX523;Линзообразная;2386225.546;10718704549813.873
789;GLX3950;Эллиптическая;3437547.084;15015732764147.01
790;GLX964;Эллиптическая;8696645.045;5739115320194.749
791;GLX735;Эллиптическая;5220247.675;14139279724813.902
792;GLX1730;Неправильная;8576894.96;14594568586942.314
793;GLX2564;Спиральная с перемычкой;1707132.539;3031987139599.318
794;GLX811;Линзообразная;673850.102;5022977836002.278
795;GLX4149;Неправильная;2672923.221;13180711570019.076
796;GLX2496;Неправильная;5800667.568;1932343583972.424
797;GLX3703;Спиральная с перемычкой;7518394.687;22244360355607.715
798;GLX3230;Неправильная;7019955.982;21198102864372.184
799;GLX2885;Спиральная;7641210.465;16138730932394.549
800;GLX4596;Эллиптическая;4314734.178;21704998150350.855
801;GLX4247;Спиральная с перемычкой;7473807.702;21318978605640.22
802;GLX4713;Неправильная;4955021.563;9722859657801.59
803;GLX3119;Спиральная;655777.32;9865248576309.633
804;GLX3337;Линзообразная;2502433.581;8292133264617.028
805;GLX3564;Эллиптическая;2145472.31;1419813263166.497
806;GLX3408;Спиральная;3797836.681;19201292470975.688
807;GLX4461;Линзообразная;3993911.186;23378486957911.06
808;GLX1396;Эллиптическая;3722064.366;8072452446539.439
809;GLX1647;Неправильная;7300127.588;10398412198974.258
810;GLX1717;Неправильная;5991961.017;5304350160419.077
811;GLX3932;Неправильная;8468510.855;21535665260344.496
812;GLX541;Эллиптическая;931486.905;19495482906820.066
813;GLX4424;Эллиптическая;2052641.4;12974507255511.209
814;GLX4618;Эллиптическая;8126382.641;4281550574152.957
815;GLX4625;Спиральная;3622684.042;9349927796884.521
816;GLX2523;Эллиптическая;5526316.279;21184288622726.375
817;GLX2430;Линзообразная;2727973.026;22961721509957.02
818;GLX3353;Линзообразная;3201472.926;10477594513522.193
819;GLX4300;Линзообразная;300350.518;23888841063138.562
820;GLX2910;Неправильная;6226074.139;9490153916346.416
821;GLX957;Линзообразная;5357346.641;15369875232226.064
822;GLX1528;Неправильная;8550760.605;23281907034132.543
823;GLX774;Спиральная с перемычкой;5550683.809;19346070642652.03
824;GLX1233;Эллиптическая;5113382.962;13489798842230.867
825;GLX4355;Спиральная с перемычкой;2546767.66;22293214196811.773
826;GLX2280;Неправильная;1051449.165;6859889749859.536
827;GLX2655;Эллиптическая;5763089.564;15438782917824.275
828;GLX383;Спиральная;1631425.196;23696307452534.312
829;GLX3242;Неправильная;6080631.459;21195979844470.7
830;GLX44;Линзообразная;7195585.096;4742451086747.779
831;GLX1034;Спиральная;683681.211;16330656918611.393
832;GLX4023;Спиральная с перемычкой;1686904.826;5252942464581.802
833;GLX75;Спиральная;8275820.561;7341712349650.938
834;GLX1066;Эллиптическая;1894724.701;15217995055375.758
835;GLX3062;Эллиптическая;4683163.338;21671573296748.156
836;GLX4544;Спиральная;5658355.102;21859047813326.44
837;GLX2310;Неправильная;5823642.201;2146863071960.007
838;GLX1530;Спиральная с перемычкой;2095890.83;11097609536398.766
839;GLX1745;Линзообразная;8448660.246;20993698175445.44
840;GLX4658;Линзообразная;5774765.175;12544973357492.746
841;GLX4390;Спиральная с перемычкой;3501064.422;7379475335720.25
842;GLX4480;Линзообразная;4926209.438;19121338413764.45
843;GLX2595;Неправильная;5263782.39;2520886714309.894
844;GLX3780;Эллиптическая;3078833.301;12909593937111.814
845;GLX1460;Линзообразная;3855971.144;990477683188.815
846;GLX3770;Эллиптическая;298684.737;21765876659285.62
847;GLX4089;Спиральная;1206846.949;12315623577964.3
848;GLX32;Эллиптическая;2803354.935;2107882921946.725
849;GLX1992;Неправильная;8708002.269;879579037724.276
850;GLX1944;Неправильная;4473306.864;24127709374065.94
851;GLX4882;Неправильная;7526252.583;8747327604155.103
852;GLX1772;Эллиптическая;520342.836;7127143503084.827
853;GLX4337;Спиральная с перемычкой;4560172.049;20509362556170.16
854;GLX1558;Неправильная;2951526.748;15451556151356.033
855;GLX1554;Спиральная;7021772.867;21735644558719.35
856;GLX3775;Линзообразная;6912702.883;2878607429405.106
857;GLX2889;Эллиптическая;2904134.484;4405986487339.201
858;GLX492;Спиральная;7699249.009;1998524884632.257
859;GLX4377;Спиральная;3707078.014;9133144998929.344
860;GLX1497;Эллиптическая;2571952.97;13463749153066.979
861;GLX2365;Спиральная;8201558.808;1979055734591.187
862;GLX4753;Неправильная;8291272.385;17493823883920.07
863;GLX706;Неправильная;846444.249;21264407584685.387
864;GLX3226;Эллиптическая;4039513.947;4402760592998.744
865;GLX3708;Неправильная;3958867.643;22126449310921.51
866;GLX2084;Спиральная с перемычкой;1088532.204;19941983791305.81
867;GLX1285;Спиральная с перемычкой;2225433.425;24216934710404.324
868;GLX89;Эллиптическая;1391397.776;13136827496318.51
869;GLX3140;Спиральная с перемычкой;4628376.405;8021518892038.769
870;GLX4332;Линзообразная;704313.246;20772229631220.66
871;GLX1728;Спиральная с перемычкой;1651876.94;1784457547877.438
872;GLX2240;Спиральная с перемычкой;3012132.591;4381765095218.968
873;GLX3104;Спиральная;1607802.919;10297399082454.691
874;GLX21;Спиральная;7152715.478;17310064709999.262
875;GLX1979;Спиральная;977961.681;18321414803905.4
876;GLX2529;Спиральная;7612662.514;13861989333103.23
877;GLX911;Неправильная;7611067.356;17367711088647.02
878;GLX3382;Неправильная;3630747.532;16939041266494.447
879;GLX1876;Неправильная;6225571.513;279019551298.288
880;GLX773;Спиральная с перемычкой;6913562.18;16886670468919.803
881;GLX3697;Линзообразная;8696017.47;17894091668286.934
882;GLX651;Неправильная;1896283.188;4556930718668.177
883;GLX1136;Спиральная;1151302.679;23296482108323.234
884;GLX1996;Эллиптическая;3391124.288;16901568345574.74
885;GLX4100;Эллиптическая;643249.563;8045935879432.144
886;GLX4915;Линзообразная;6950537.178;9906672638913.832
887;GLX347;Эллиптическая;8358746.31;420775708236.283
888;GLX304;Спиральная;4219987.82;824759529489.415
889;GLX453;Эллиптическая;7507843.37;93895025059.249
890;GLX2473;Спиральная с перемычкой;3928584.854;6720575409365.752
891;GLX3598;Неправильная;8637990.533;11080814841829.7
892;GLX16;Эллиптическая;8699291.736;10545652251315.758
893;GLX4869;Неправильная;612952.217;2686547782268.687
894;GLX4585;Эллиптическая;6587096.253;4862570024176.177
895;GLX1720;Неправильная;4273537.254;18237418476876.207
896;GLX4463;Спиральная;1287820.268;17417379020957.33
897;GLX3971;Линзообразная;1698785.308;1376543136498.822
898;GLX1198;Эллиптическая;1347367.184;19530041297611.48
899;GLX4070;Неправильная;7450564.875;23837047499605.766
900;GLX2018;Неправильная;3230204.321;17361918348155.947
901;GLX2120;Неправильная;2711998.655;18502562207162.555
902;GLX561;Спиральная с перемычкой;8607716.58;24429649291487.727
903;GLX2160;Эллиптическая;1663017.59;24053932729239.938
904;GLX1412;Неправильная;2898370.591;17769443363560.55
905;GLX3419;Эллиптическая;6950544.966;21655494867103.96
906;GLX1822;Эллиптическая;7014098.523;18177164721748.258
907;GLX4403;Неправильная;5238725.694;14029033283119.387
908;GLX4874;Спиральная с перемычкой;1475784.822;14619901801033.799
909;GLX57;Спиральная;7537510.356;15800958225631.963
910;GLX1674;Спиральная;1126171.252;24180292831573.875
911;GLX4407;Неправильная;798243.165;9839846104661.799
912;GLX1981;Эллиптическая;4535493.476;15632260269582.44
913;GLX2942;Эллиптическая;3150876.451;8847308496383.898
914;GLX4422;Спиральная с перемычкой;4837136.026;12281624325745.773
915;GLX2849;Спиральная;803622.776;19540674396254.914
916;GLX4324;Спиральная;6084150.505;3531608663951.501
917;GLX4458;Спиральная;5397427.937;7083368998088.838
918;GLX1489;Спиральная с перемычкой;8096563.514;13613755539518.209
919;GLX4151;Эллиптическая;1656661.809;4837266595850.351
920;GLX3798;Неправильная;4238790.636;23717303506646.3
921;GLX2357;Спиральная;8424614.366;20923569072167.58
922;GLX4455;Эллиптическая;4020544.853;17199493146495.635
923;GLX1010;Неправильная;529023.359;21150746230330.895
924;GLX1917;Спиральная с перемычкой;551717.315;4432438037305.755
925;GLX2574;Неправильная;4407126.168;3431303387387.191
926;GLX1863;Спиральная;7154616.754;5600781824525.089
927;GLX3220;Спиральная;6140246.571;10663932001203.854
928;GLX2311;Эллиптическая;406340.113;17855522588717.426
929;GLX322;Неправильная;2140668.728;14209758592726.137
930;GLX3443;Линзообразная;8494868.014;21932732874977.184
931;GLX823;Линзообразная;4111121.079;1969357892195.796
932;GLX681;Линзообразная;3663446.397;6583876595233.987
933;GLX2762;Неправильная;5034097.634;4251478994933.716
934;GLX2116;Спиральная с перемычкой;4481134.745;16548865190687.031
935;GLX1476;Спиральная;6852397.543;20445138608328.715
936;GLX3466;Спиральная;3447612.315;1111165585662.192
937;GLX3584;Линзообразная;1426615.366;2684256134412.782
938;GLX3709;Линзообразная;6663298.039;10536710632738.676
939;GLX3572;Неправильная;4521648.043;22357931490040.312
940;GLX3314;Линзообразная;710175.816;20641359806031.582
941;GLX3216;Неправильная;267630.738;2108987763923.818
942;GLX3986;Спиральная;2402173.23;2687860365395.6
943;GLX4258;Спиральная с перемычкой;131818.226;24343254256805.7
944;GLX4881;Линзообразная;7978677.038;17971992181110.906
945;GLX4269;Неправильная;6892859.845;16816847717924.662
946;GLX3637;Спиральная с перемычкой;7962020.884;20265020590628.9
947;GLX2108;Спиральная с перемычкой;3322247.745;11144272187999.43
948;GLX689;Неправильная;2957034.811;13877713236190.93
949;GLX2594;Эллиптическая;6198794.027;5498773437058.583
950;GLX2253;Спиральная с перемычкой;4385313.155;15341336765773.268
951;GLX4177;Неправильная;2659040.036;8377987006616.954
952;GLX88;Неправильная;7135831.74;16376420879020.172
953;GLX398;Эллиптическая;1299316.394;12233008634859.383
954;GLX1982;Линзообразная;114534.123;3707191460770.938
955;GLX1516;Эллиптическая;2271419.291;769727376386.429
956;GLX204;Спиральная с перемычкой;222651.259;15115262100764.418
957;GLX7;Спиральная;7028578.446;18551581923389.438
958;GLX4630;Эллиптическая;622873.095;2024713669106.754
959;GLX4542;Эллиптическая;897673.892;2723340100756.696
960;GLX1690;Линзообразная;2132264.928;4484670022555.299
961;GLX4264;Линзообразная;2476951.706;18193803256479.54
962;GLX1503;Неправильная;126341.686;20010770457169.082
963;GLX2856;Спиральная с перемычкой;5613981.042;343031980961.381
964;GLX3190;Эллиптическая;7309904.633;4484232422787.38
965;GLX813;Неправильная;7649573.379;19062963100871.477
966;GLX1389;Неправильная;827552.447;20407902007560.75
967;GLX843;Спиральная с перемычкой;2427764.599;10658762940909.383
968;GLX4806;Спиральная с перемычкой;7069651.936;14946527934155.41
969;GLX1289;Спиральная;4954110.061;3595228832536.833
970;GLX1129;Неправильная;1078327.575;16261319239090.016
971;GLX66;Спиральная с перемычкой;5649337.594;19754985414002.99
972;GLX4761;Линзообразная;8656994.386;23549751228120.984
973;GLX1988;Линзообразная;768495.735;1868200147367.886
974;GLX1335;Эллиптическая;2333255.062;21432162828809.92
975;GLX2035;Неправильная;6670408.915;15267234156280.078
976;GLX4721;Спиральная с перемычкой;1806469.144;2257206367645.665
977;GLX1732;Эллиптическая;2699132.031;11461591230363.332
978;GLX4743;Спиральная с перемычкой;7278206.086;21850196687109.875
979;GLX1067;Неправильная;8870613.677;17395878422346.756
980;GLX3071;Спиральная;8425582.148;13733721051847.58
981;GLX60;Линзообразная;3772379.923;19499929109321.77
982;GLX1458;Спиральная с перемычкой;7082730.202;11355715928341.863
983;GLX3771;Неправильная;8743799.532;1081532231036.341
984;GLX2836;Спиральная;1670696.964;20694109271566.78
985;GLX996;Линзообразная;6418011.439;11296782278370.006
986;GLX4378;Линзообразная;1318982.084;9091874515856.994
987;GLX2471;Неправильная;7769169.526;20152392276630.68
988;GLX3278;Спиральная;6327677.848;23917908830484.516
989;GLX1251;Эллиптическая;6365921.645;11381537252332.494
990;GLX736;Спиральная;4574677.652;17960913648417.812
991;GLX1910;Эллиптическая;8515432.796;23970724064613.91
992;GLX1431;Эллиптическая;7425340.204;23197441220640.93
993;GLX512;Линзообразная;8408937.36;19303409775473.688
994;GLX3345;Линзообразная;855726.686;2014428708856.412
995;GLX1519;Линзообразная;8727893.799;10143289916580.09
996;GLX3222;Эллиптическая;3909149.922;11141174669705.457
997;GLX2414;Спиральная с перемычкой;5057211.024;9548180270633.375
998;GLX757;Линзообразная;5314621.324;19100339618174.03
999;GLX1518;Неправильная;2334720.213;10164178221280.016
1000;GLX3535;Линзообразная;5719066.675;22446630515176.574
