1,PL3083,1.02E+04,1.18E+24,1,699
2,PL4639,5.70E+04,4.47E+24,6,698
3,PL1667,3.29E+04,8.72E+24,5,531
4,PL3780,3.19E+04,2.09E+23,10,906
5,PL692,5.01E+04,7.46E+24,6,520
6,PL1826,3.75E+04,4.38E+23,6,88
7,PL4333,9.55E+03,5.69E+24,1,393
8,PL2721,5.94E+04,8.40E+24,1,675
9,PL4254,6.52E+04,4.09E+24,9,138
10,PL4478,3.04E+03,8.37E+24,4,277
11,PL359,2.26E+04,7.75E+24,8,351
12,PL2368,2.40E+04,7.68E+24,9,103
13,PL2790,4.86E+04,8.39E+24,5,25
14,PL1662,3.23E+04,5.84E+24,1,360
15,PL3530,2.59E+04,5.02E+24,4,840
16,PL3690,4.69E+04,1.06E+24,1,163
17,PL2533,3.91E+04,8.67E+24,1,33
18,PL2970,9.41E+03,8.54E+24,7,104
19,PL163,3.99E+04,4.49E+24,7,376
20,PL1790,5.92E+04,9.08E+24,1,239
21,PL843,4.91E+04,7.22E+24,8,352
22,PL3310,5.69E+04,2.62E+24,4,265
23,PL1210,5.03E+04,1.67E+24,2,46
24,PL2782,3.71E+04,8.93E+24,1,787
25,PL3447,5.45E+04,3.84E+24,2,462
26,PL603,1.35E+04,9.18E+24,4,268
27,PL3592,2.99E+04,3.78E+24,1,411
28,PL1986,4.83E+03,1.25E+24,7,873
29,PL3879,3.00E+04,7.81E+24,5,583
30,PL767,2.80E+04,1.36E+23,2,526
31,PL3695,2.97E+03,2.77E+24,2,578
32,PL2085,3.36E+04,4.39E+24,5,793
33,PL1517,4.96E+03,6.39E+24,0,138
34,PL4481,4.48E+04,3.30E+24,3,655
35,PL3262,6.22E+04,6.87E+24,1,778
36,PL198,5.69E+04,1.64E+24,1,409
37,PL2144,4.72E+04,3.65E+24,3,405
38,PL950,2.11E+04,6.14E+24,4,607
39,PL1720,3.67E+04,2.30E+24,7,38
40,PL3428,1.43E+04,1.48E+23,3,778
41,PL3939,2.39E+04,7.36E+23,7,512
42,PL1296,3.51E+04,6.94E+24,7,559
43,PL1586,2.40E+04,9.22E+24,7,472
44,PL4802,2.90E+03,6.52E+24,9,571
45,PL2199,2.94E+04,7.33E+24,3,386
46,PL3456,4.56E+04,6.89E+24,4,320
47,PL354,2.03E+04,8.73E+24,7,718
48,PL2766,2.02E+04,6.33E+24,5,659
49,PL2805,6.81E+04,5.26E+24,3,342
50,PL2505,1.99E+04,6.08E+23,1,737
51,PL202,3.88E+04,1.93E+24,6,568
52,PL1037,9.05E+03,4.21E+24,2,386
53,PL3287,5.97E+03,9.51E+24,1,882
54,PL4224,4.73E+04,8.43E+23,3,915
55,PL4611,4.87E+04,1.14E+23,3,700
56,PL289,5.41E+04,5.29E+23,6,784
57,PL2268,4.47E+04,9.08E+24,2,183
58,PL3179,2.79E+04,1.36E+24,0,512
59,PL2558,1.96E+04,1.37E+24,4,813
60,PL3171,8.63E+03,3.99E+24,6,495
61,PL1483,3.62E+04,7.84E+24,5,991
62,PL1093,2.32E+04,6.07E+24,1,272
63,PL1895,9.29E+03,3.22E+24,6,55
64,PL1075,6.97E+04,3.84E+24,2,877
65,PL3652,6.33E+04,1.58E+24,3,602
66,PL4789,6.62E+04,7.05E+23,2,894
67,PL2761,3.29E+04,9.31E+24,0,352
68,PL3008,2.65E+04,1.78E+24,2,238
69,PL3087,2.27E+04,1.15E+24,3,108
70,PL4274,2.40E+04,8.13E+24,5,114
71,PL1551,5.62E+04,4.07E+24,1,1000
72,PL4735,4.89E+04,9.50E+24,7,608
73,PL4837,5.84E+04,5.21E+23,2,559
74,PL283,2.92E+04,5.17E+24,1,36
75,PL1195,6.23E+04,8.30E+23,1,878
76,PL2511,4.80E+04,7.22E+23,7,860
77,PL3223,1.27E+04,7.49E+23,7,223
78,PL4800,4.75E+03,5.65E+23,5,238
79,PL1954,4.74E+04,2.51E+24,5,457
80,PL1555,3.67E+04,7.68E+24,2,311
81,PL2327,4.56E+04,1.74E+24,1,422
82,PL1554,6.88E+04,8.59E+24,1,290
83,PL2118,3.83E+04,2.59E+24,3,223
84,PL4023,5.86E+04,3.51E+24,5,353
85,PL3470,2.62E+04,8.98E+24,4,731
86,PL3645,5.06E+04,3.07E+24,4,587
87,PL1220,1.70E+04,8.61E+24,6,795
88,PL3450,4.99E+04,5.01E+24,1,425
89,PL3711,6.76E+04,5.20E+24,1,212
90,PL907,5.60E+04,6.47E+24,3,394
91,PL4197,8.24E+03,3.22E+24,9,806
92,PL1507,2.75E+04,4.72E+24,1,608
93,PL4834,2.69E+04,4.17E+24,1,195
94,PL2342,5.40E+04,6.02E+24,2,201
95,PL4927,2.79E+04,9.50E+24,1,148
96,PL2855,4.38E+03,1.53E+24,2,405
97,PL182,1.07E+04,1.19E+24,9,407
98,PL3830,3.34E+04,3.15E+24,5,4
99,PL4546,5.30E+03,9.29E+24,1,243
100,PL472,5.48E+04,9.84E+23,1,884
101,PL3413,3.97E+04,7.12E+24,3,601
102,PL3071,3.40E+04,8.61E+24,2,123
103,PL2973,5.06E+04,2.59E+24,1,416
104,PL4316,1.40E+04,7.23E+24,4,396
105,PL3106,6.05E+04,6.42E+24,1,459
106,PL565,1.32E+04,4.17E+24,1,631
107,PL2015,1.23E+04,2.79E+24,1,596
108,PL1508,1.60E+04,8.31E+24,8,934
109,PL993,6.41E+03,8.12E+24,7,164
110,PL779,3.77E+03,6.38E+24,1,186
111,PL2978,5.60E+04,1.69E+24,1,764
112,PL1539,3.78E+04,9.34E+24,3,656
113,PL3181,9.16E+03,6.12E+24,0,422
114,PL1282,4.35E+04,8.53E+24,2,176
115,PL3751,5.48E+04,8.85E+24,7,979
116,PL2687,3.13E+04,3.92E+24,1,524
117,PL4517,4.27E+04,5.59E+24,3,942
118,PL1352,2.71E+04,1.64E+24,4,731
119,PL3285,9.00E+03,2.50E+24,6,388
120,PL3540,4.55E+04,1.61E+24,1,519
121,PL220,4.86E+04,6.85E+24,4,712
122,PL4860,6.44E+04,5.37E+24,4,788
123,PL3485,4.81E+04,2.96E+24,2,476
124,PL3955,6.77E+04,7.45E+24,1,528
125,PL1236,2.08E+04,9.66E+23,1,178
126,PL3269,4.81E+04,8.80E+24,6,911
127,PL183,3.41E+04,4.46E+24,6,281
128,PL4442,3.13E+03,6.80E+23,1,254
129,PL2989,6.55E+04,1.63E+24,1,140
130,PL3581,1.92E+04,3.59E+24,1,301
131,PL483,4.59E+04,2.21E+24,3,803
132,PL2865,3.84E+04,6.85E+24,2,760
133,PL3105,3.67E+04,4.99E+24,2,156
134,PL4550,5.17E+04,6.61E+23,1,827
135,PL1049,5.00E+04,9.12E+24,1,268
136,PL4650,5.78E+04,5.80E+24,1,554
137,PL1263,4.97E+04,3.10E+24,2,719
138,PL2565,1.90E+04,3.38E+24,8,150
139,PL3101,4.33E+04,5.19E+24,2,543
140,PL1386,6.09E+04,9.30E+24,1,79
141,PL1437,6.14E+04,4.31E+24,1,549
142,PL2998,2.23E+04,7.39E+24,3,251
143,PL67,6.27E+04,7.74E+24,2,858
144,PL2461,6.60E+04,4.48E+24,2,204
145,PL1256,6.81E+03,3.59E+24,1,407
146,PL3510,3.76E+04,5.68E+24,7,852
147,PL2488,9.65E+03,5.73E+24,1,385
148,PL4791,3.38E+04,8.06E+24,3,874
149,PL4215,2.84E+04,2.68E+24,2,104
150,PL2362,2.43E+04,6.46E+24,8,84
151,PL674,3.27E+04,1.56E+24,6,931
152,PL863,2.89E+04,4.16E+24,3,204
153,PL1401,4.79E+04,2.57E+24,4,33
154,PL2333,6.02E+04,2.25E+24,1,460
155,PL4720,4.63E+04,4.26E+24,6,537
156,PL296,6.65E+04,4.88E+24,1,372
157,PL1780,3.90E+04,8.39E+24,3,462
158,PL3242,2.73E+04,3.08E+24,1,858
159,PL4868,4.87E+04,2.00E+24,3,620
160,PL4912,2.19E+04,4.81E+24,1,994
161,PL3944,1.14E+04,1.31E+24,3,515
162,PL279,2.47E+04,4.63E+24,1,614
163,PL1719,3.03E+04,8.63E+24,6,800
164,PL908,6.75E+04,1.36E+24,1,206
165,PL1018,3.69E+04,7.39E+24,3,609
166,PL4357,1.55E+04,6.02E+24,8,862
167,PL3291,3.86E+04,3.89E+24,4,530
168,PL1892,4.19E+04,9.07E+23,1,682
169,PL3608,5.60E+04,7.92E+24,0,800
170,PL1545,8.90E+03,4.02E+24,8,321
171,PL4663,1.92E+04,6.11E+24,5,57
172,PL1949,1.55E+04,2.24E+24,6,732
173,PL1219,5.84E+03,5.64E+24,1,195
174,PL2804,4.06E+03,8.94E+24,7,627
175,PL2493,6.72E+04,2.65E+24,1,973
176,PL2255,3.64E+04,6.11E+24,3,423
177,PL1477,3.67E+04,6.10E+23,2,588
178,PL3266,4.14E+04,2.46E+22,0,407
179,PL2663,5.62E+04,7.14E+24,2,702
180,PL2467,3.44E+04,4.76E+24,3,847
181,PL1463,3.33E+04,4.60E+24,0,254
182,PL4500,3.47E+04,9.07E+24,2,50
183,PL2707,3.78E+04,8.40E+24,1,904
184,PL1547,2.87E+03,7.01E+24,1,21
185,PL1268,6.26E+04,9.05E+24,3,679
186,PL799,1.59E+04,2.00E+24,4,614
187,PL1718,4.70E+04,2.00E+24,2,637
188,PL4959,1.63E+04,4.51E+24,2,239
189,PL649,2.92E+04,5.59E+23,3,124
190,PL1782,1.10E+04,2.45E+24,3,636
191,PL864,1.43E+04,3.00E+24,0,800
192,PL1695,7.38E+03,1.86E+24,5,691
193,PL4996,6.22E+04,6.47E+23,3,438
194,PL527,3.35E+04,2.35E+24,4,501
195,PL4736,4.91E+04,3.68E+24,1,862
196,PL2899,5.84E+04,7.66E+23,2,972
197,PL994,4.57E+04,8.56E+24,2,128
198,PL2106,5.73E+04,3.56E+24,8,604
199,PL701,1.97E+04,2.79E+24,2,830
200,PL1462,3.86E+04,6.23E+24,1,110
201,PL1043,3.34E+04,9.07E+24,3,891
202,PL4709,4.96E+04,6.23E+24,1,147
203,PL794,5.18E+04,3.96E+24,5,538
204,PL1521,5.27E+04,2.20E+24,0,698
205,PL379,5.73E+04,9.50E+24,9,673
206,PL3476,6.97E+04,1.80E+24,3,148
207,PL1173,2.43E+04,6.31E+24,2,38
208,PL4523,3.28E+04,8.42E+24,5,668
209,PL4122,1.76E+04,4.13E+24,0,495
210,PL4806,2.99E+03,4.52E+23,4,959
211,PL1164,4.01E+04,1.21E+24,2,833
212,PL4675,2.45E+04,7.30E+24,1,152
213,PL2273,6.89E+04,4.03E+24,1,874
214,PL1298,4.78E+04,5.90E+24,1,247
215,PL4879,5.04E+04,3.88E+24,8,78
216,PL4198,5.34E+04,4.28E+24,2,81
217,PL4583,4.51E+04,6.69E+24,1,199
218,PL1172,9.26E+03,7.21E+24,10,747
219,PL2944,6.67E+04,8.20E+24,2,534
220,PL2124,9.35E+03,6.58E+24,1,521
221,PL2606,4.51E+04,1.74E+24,3,17
222,PL2907,5.26E+04,5.31E+24,1,980
223,PL4365,2.21E+04,1.35E+23,4,768
224,PL3475,3.99E+04,7.42E+24,2,292
225,PL3904,2.75E+04,5.76E+24,1,15
226,PL2985,1.23E+04,7.10E+24,8,304
227,PL2209,1.53E+04,6.91E+24,5,754
228,PL3620,3.22E+04,3.79E+23,2,925
229,PL4318,3.92E+03,3.00E+24,1,486
230,PL3599,3.43E+04,1.93E+24,6,516
231,PL281,6.16E+04,2.80E+24,2,48
232,PL2117,2.24E+04,9.94E+23,1,859
233,PL4807,4.15E+04,5.49E+24,6,202
234,PL4713,1.26E+04,9.78E+23,1,70
235,PL4019,4.81E+04,1.06E+24,0,360
236,PL2536,2.57E+04,7.52E+24,2,891
237,PL2006,2.34E+04,1.32E+24,6,880
238,PL1878,9.97E+03,4.50E+24,4,242
239,PL2110,6.49E+04,9.32E+24,7,207
240,PL3068,1.23E+04,2.87E+22,2,837
241,PL3202,2.52E+04,4.38E+24,0,394
242,PL4881,1.17E+04,1.56E+23,7,86
243,PL3208,1.64E+04,7.52E+24,1,112
244,PL3850,6.38E+04,3.86E+24,5,952
245,PL882,4.25E+04,8.08E+24,0,290
246,PL1904,2.88E+04,2.51E+24,1,704
247,PL4972,6.47E+04,1.73E+24,1,982
248,PL3304,3.34E+04,3.99E+24,1,150
249,PL4105,7.03E+03,9.41E+24,3,814
250,PL361,3.18E+04,8.82E+24,3,801
251,PL4497,3.97E+04,7.00E+24,4,297
252,PL2555,3.48E+03,9.25E+24,1,813
253,PL3123,1.76E+04,2.92E+23,1,353
254,PL1291,5.17E+04,7.66E+24,1,770
255,PL870,5.00E+04,5.74E+23,4,797
256,PL501,1.78E+04,6.07E+24,7,13
257,PL897,5.33E+04,6.11E+24,1,75
258,PL1180,4.45E+04,3.92E+24,2,569
259,PL229,2.67E+04,8.27E+24,1,204
260,PL1519,1.14E+04,9.44E+24,0,438
261,PL4547,2.88E+04,7.72E+24,1,473
262,PL3808,3.51E+04,6.79E+24,1,415
263,PL3489,4.82E+04,5.85E+24,1,533
264,PL1078,4.39E+04,9.22E+24,3,434
265,PL854,3.81E+04,5.80E+24,1,89
266,PL4046,1.08E+04,8.02E+24,5,822
267,PL2306,5.78E+03,1.85E+24,2,111
268,PL4857,2.33E+04,6.45E+24,1,45
269,PL3461,1.44E+04,3.11E+24,3,752
270,PL3545,3.68E+04,4.19E+24,1,687
271,PL3122,6.76E+04,8.76E+24,1,248
272,PL2054,1.74E+04,7.57E+23,1,102
273,PL4364,3.18E+04,4.12E+23,3,843
274,PL3720,6.23E+04,8.69E+24,6,909
275,PL4617,4.11E+04,5.10E+24,6,93
276,PL3403,4.35E+04,8.05E+24,8,560
277,PL1473,6.56E+04,6.57E+24,5,483
278,PL2735,4.16E+04,9.98E+23,9,261
279,PL238,1.51E+04,1.74E+24,4,556
280,PL258,4.50E+04,9.58E+24,2,24
281,PL1703,3.34E+04,2.93E+24,9,741
282,PL165,3.35E+04,4.76E+23,6,59
283,PL2296,3.31E+04,2.72E+24,6,113
284,PL1991,2.23E+04,1.43E+24,6,669
285,PL1656,2.95E+04,6.40E+24,3,152
286,PL1189,2.74E+04,9.17E+24,2,224
287,PL464,2.76E+04,5.83E+24,4,319
288,PL4582,6.17E+04,7.82E+24,1,751
289,PL930,3.61E+04,8.10E+24,2,928
290,PL2125,6.06E+04,9.41E+24,2,219
291,PL1215,4.58E+04,4.21E+24,0,543
292,PL22,3.58E+03,1.75E+24,1,391
293,PL3207,2.59E+04,7.16E+24,5,984
294,PL2798,5.57E+03,8.81E+24,1,294
295,PL1185,2.36E+04,7.38E+24,1,895
296,PL4009,5.50E+04,6.71E+24,3,26
297,PL1934,3.33E+04,3.05E+24,2,836
298,PL2908,6.31E+04,8.76E+24,2,856
299,PL518,2.49E+04,7.55E+24,1,5
300,PL1480,5.27E+04,1.25E+24,3,757
301,PL3845,5.42E+04,6.03E+23,1,251
302,PL599,4.10E+04,4.44E+24,1,478
303,PL2881,4.52E+03,9.20E+24,2,755
304,PL431,5.47E+03,8.34E+24,2,581
305,PL1942,6.04E+04,8.00E+24,1,576
306,PL3714,6.61E+03,4.12E+23,3,147
307,PL4553,5.04E+04,6.45E+24,4,210
308,PL2820,6.90E+04,7.13E+24,7,248
309,PL1651,2.95E+03,8.94E+24,4,234
310,PL2503,1.95E+04,2.06E+24,0,620
311,PL1811,6.54E+04,9.36E+24,0,891
312,PL3126,6.23E+04,7.96E+24,8,468
313,PL4632,6.29E+04,6.04E+24,3,548
314,PL2683,3.67E+04,7.62E+24,1,669
315,PL4862,1.48E+04,3.04E+24,2,522
316,PL4781,3.31E+04,1.78E+24,1,564
317,PL2643,7.15E+03,8.08E+24,1,669
318,PL1612,4.99E+04,7.13E+20,1,834
319,PL1009,8.31E+03,5.50E+23,1,245
320,PL4941,2.57E+04,8.79E+23,8,424
321,PL776,4.17E+04,1.55E+24,0,138
322,PL747,3.46E+04,5.88E+24,6,312
323,PL2613,3.38E+04,6.46E+24,5,177
324,PL2454,2.72E+04,7.24E+24,0,874
325,PL4184,3.73E+03,6.50E+24,1,228
326,PL139,3.07E+04,9.23E+24,4,47
327,PL1556,4.62E+04,2.60E+24,1,388
328,PL402,2.90E+04,5.23E+24,2,14
329,PL2486,4.72E+04,7.51E+24,2,391
330,PL2987,3.57E+04,7.30E+24,2,37
331,PL2191,4.20E+04,6.72E+24,3,767
332,PL4541,9.01E+03,8.48E+24,1,111
333,PL3538,1.66E+04,8.80E+24,2,652
334,PL3451,5.27E+04,5.82E+24,1,510
335,PL3493,2.94E+04,8.25E+24,1,220
336,PL4057,6.57E+03,2.13E+24,2,783
337,PL4053,7.00E+04,6.76E+24,1,935
338,PL2751,2.38E+04,3.81E+24,3,734
339,PL3003,6.21E+04,2.20E+24,2,30
340,PL4383,2.98E+04,1.64E+24,5,976
341,PL2439,3.56E+04,4.70E+24,1,945
342,PL3860,5.29E+04,4.33E+24,1,748
343,PL4714,2.33E+04,4.62E+24,1,506
344,PL4708,1.43E+04,7.34E+24,4,475
345,PL1321,2.29E+04,5.68E+24,4,144
346,PL1793,4.74E+04,5.81E+24,2,885
347,PL312,4.75E+04,7.05E+24,0,177
348,PL2969,5.24E+04,7.51E+24,6,709
349,PL4574,5.68E+03,5.50E+24,2,834
350,PL4504,2.64E+04,8.43E+24,1,557
351,PL1072,2.68E+04,7.79E+24,3,676
352,PL1438,6.52E+04,2.65E+24,1,1000
353,PL3841,3.63E+03,4.03E+24,3,406
354,PL4063,2.65E+03,1.46E+23,2,452
355,PL610,5.70E+04,3.08E+24,3,678
356,PL4910,2.00E+04,8.72E+24,2,706
357,PL4510,5.57E+04,4.04E+24,2,846
358,PL2685,4.21E+04,2.37E+24,1,33
359,PL1941,2.18E+04,8.39E+24,2,971
360,PL3715,3.60E+04,7.95E+24,5,330
361,PL4232,5.82E+04,3.83E+24,6,464
362,PL995,5.95E+04,2.58E+24,1,452
363,PL2935,3.46E+04,3.12E+23,1,194
364,PL2166,2.58E+03,9.00E+24,2,950
365,PL110,2.86E+04,9.51E+24,7,137
366,PL2664,4.88E+04,6.17E+24,1,937
367,PL4279,6.97E+04,7.63E+23,4,642
368,PL1419,4.33E+03,7.13E+24,2,339
369,PL2428,3.86E+04,1.74E+24,1,548
370,PL4521,3.90E+04,8.98E+24,9,174
371,PL1516,4.24E+04,4.29E+24,3,920
372,PL2921,2.42E+04,5.59E+24,2,590
373,PL4769,2.06E+04,1.96E+24,1,490
374,PL1471,5.75E+04,5.10E+24,1,391
375,PL299,2.75E+04,1.19E+24,2,280
376,PL2560,1.81E+04,9.47E+24,2,392
377,PL3705,6.19E+04,2.89E+24,2,367
378,PL1344,4.03E+04,4.98E+24,2,979
379,PL1368,4.82E+04,7.41E+24,5,792
380,PL2134,5.51E+04,2.44E+24,1,582
381,PL3899,3.09E+04,6.50E+24,5,794
382,PL4865,5.62E+04,3.13E+24,2,337
383,PL82,6.21E+04,3.40E+24,1,379
384,PL1330,2.69E+04,3.81E+24,1,69
385,PL1609,6.20E+04,6.28E+24,1,365
386,PL2030,1.19E+04,2.54E+24,1,955
387,PL538,6.71E+04,2.52E+24,0,472
388,PL2341,1.63E+04,2.15E+22,4,461
389,PL1910,4.18E+04,3.56E+24,6,923
390,PL64,5.42E+04,7.99E+23,3,810
391,PL2264,5.54E+03,3.79E+24,1,771
392,PL1310,8.39E+03,7.06E+24,6,536
393,PL2029,5.64E+04,3.30E+24,1,554
394,PL46,1.24E+04,8.95E+23,1,180
395,PL2717,5.17E+04,6.53E+24,1,137
396,PL4876,3.93E+04,6.52E+24,5,208
397,PL3859,2.01E+04,4.43E+24,7,429
398,PL3823,2.50E+04,1.04E+24,2,16
399,PL78,4.49E+04,3.63E+24,6,440
400,PL1724,3.57E+04,2.85E+24,2,374
401,PL1599,5.80E+04,5.59E+24,2,303
402,PL1980,2.23E+04,7.24E+24,0,321
403,PL3104,1.97E+04,9.40E+24,7,579
404,PL2828,1.46E+04,9.38E+24,4,114
405,PL1191,3.60E+04,8.34E+24,2,898
406,PL2218,1.53E+04,7.20E+24,7,671
407,PL3635,6.64E+03,8.89E+24,2,387
408,PL648,4.20E+03,1.53E+24,4,141
409,PL1633,6.44E+04,3.10E+24,2,346
410,PL2679,4.68E+04,2.50E+24,4,76
411,PL940,5.14E+03,5.20E+23,3,115
412,PL3948,3.45E+04,2.31E+24,3,433
413,PL2016,6.76E+04,4.85E+24,3,482
414,PL727,5.52E+04,4.43E+24,3,775
415,PL4917,2.28E+04,2.46E+24,1,887
416,PL4692,3.88E+04,5.10E+24,2,469
417,PL2417,1.98E+04,6.18E+24,1,97
418,PL4793,4.02E+04,8.16E+24,3,255
419,PL2624,1.21E+04,2.00E+23,2,794
420,PL2068,5.33E+04,1.53E+24,0,150
421,PL793,7.05E+03,6.59E+24,1,667
422,PL1066,1.98E+04,2.84E+24,4,696
423,PL2554,4.49E+04,5.97E+23,10,743
424,PL2672,2.66E+04,2.48E+24,6,808
425,PL2105,2.89E+04,4.82E+24,0,891
426,PL4203,5.72E+04,1.46E+24,2,613
427,PL4382,6.59E+04,9.47E+24,1,123
428,PL4892,2.83E+04,5.78E+24,3,622
429,PL4003,5.85E+04,2.93E+24,7,373
430,PL4486,3.42E+04,4.31E+24,4,445
431,PL2283,3.12E+04,3.73E+24,1,731
432,PL4748,4.47E+04,8.90E+24,1,877
433,PL4788,2.60E+04,5.36E+24,4,645
434,PL3926,1.23E+04,7.26E+24,1,109
435,PL2801,4.64E+04,1.95E+24,2,55
436,PL2388,5.39E+04,8.96E+24,3,803
437,PL1792,2.30E+04,4.87E+24,5,215
438,PL167,5.83E+04,4.06E+24,2,531
439,PL3249,4.46E+04,2.29E+24,5,189
440,PL1410,6.22E+04,1.61E+24,2,466
441,PL1272,3.01E+04,6.47E+24,1,822
442,PL3415,6.24E+04,4.10E+24,1,139
443,PL3435,6.30E+04,7.73E+24,3,80
444,PL1497,1.78E+04,5.29E+24,3,850
445,PL4845,6.86E+04,3.10E+24,1,726
446,PL1021,5.29E+04,4.46E+24,2,408
447,PL175,6.09E+04,1.84E+24,3,642
448,PL645,4.03E+04,9.35E+24,1,695
449,PL4192,4.71E+03,8.73E+23,1,531
450,PL4072,3.95E+04,7.46E+24,1,597
451,PL44,6.06E+04,2.77E+24,1,514
452,PL3561,4.63E+04,7.58E+24,2,358
453,PL1779,3.84E+04,3.79E+24,4,398
454,PL4026,4.90E+04,5.30E+24,2,107
455,PL142,3.76E+04,6.46E+24,6,243
456,PL3129,3.25E+04,8.49E+24,2,622
457,PL4501,2.60E+04,8.75E+24,2,431
458,PL771,2.52E+04,6.86E+24,0,982
459,PL4821,4.45E+04,7.55E+24,6,461
460,PL2210,9.54E+03,2.52E+24,0,571
461,PL1086,2.86E+04,5.84E+24,1,348
462,PL1499,4.18E+04,1.74E+24,1,353
463,PL3642,4.17E+04,2.31E+24,4,126
464,PL4396,2.68E+04,5.80E+24,4,951
465,PL2194,3.41E+04,8.10E+23,0,391
466,PL4813,1.81E+04,8.23E+24,4,903
467,PL4647,6.46E+04,9.65E+23,1,387
468,PL954,4.50E+04,3.70E+24,3,235
469,PL4756,6.44E+04,9.25E+24,1,744
470,PL1846,1.53E+04,3.97E+24,3,259
471,PL2895,3.24E+04,5.06E+24,1,220
472,PL2983,1.66E+04,5.69E+24,0,93
473,PL3835,1.82E+04,8.20E+24,1,175
474,PL2009,3.08E+04,6.77E+24,1,734
475,PL4601,3.94E+04,2.22E+24,0,514
476,PL1536,4.81E+04,6.49E+24,5,899
477,PL1429,6.57E+04,8.95E+24,4,626
478,PL2462,5.70E+03,1.97E+24,4,280
479,PL4669,6.05E+04,4.11E+24,1,996
480,PL3431,2.96E+04,3.69E+24,8,634
481,PL4740,6.61E+04,2.43E+24,1,494
482,PL2465,5.92E+04,8.32E+24,7,412
483,PL471,2.32E+04,9.47E+24,1,774
484,PL2694,2.09E+04,4.06E+24,1,365
485,PL2487,4.30E+04,5.24E+22,3,916
486,PL4441,4.68E+04,9.15E+24,1,507
487,PL4048,1.90E+04,5.75E+24,1,168
488,PL114,3.78E+04,8.80E+24,3,479
489,PL1496,2.26E+04,5.29E+24,1,278
490,PL983,1.09E+04,8.17E+24,1,101
491,PL320,1.18E+04,2.84E+24,6,870
492,PL1211,1.38E+04,3.28E+24,7,132
493,PL3173,8.62E+03,6.04E+24,2,493
494,PL1860,6.33E+04,4.43E+24,3,920
495,PL647,6.82E+04,9.26E+24,4,203
496,PL3339,5.15E+03,3.92E+24,4,584
497,PL346,2.04E+04,3.04E+24,3,762
498,PL848,2.25E+04,2.34E+24,1,181
499,PL3025,1.99E+04,5.49E+24,2,666
500,PL2357,5.75E+04,7.07E+24,3,578
501,PL136,5.25E+04,8.73E+24,1,970
502,PL3785,3.19E+04,5.65E+24,2,299
503,PL4099,6.46E+04,5.28E+24,2,553
504,PL2405,3.64E+04,5.95E+24,5,67
505,PL1292,4.94E+04,8.80E+24,5,123
506,PL1509,5.11E+04,6.37E+23,0,627
507,PL3920,3.02E+03,2.02E+24,1,812
508,PL4242,2.71E+03,4.99E+23,1,29
509,PL1393,6.12E+04,7.12E+24,5,577
510,PL2300,4.42E+04,2.94E+24,0,588
511,PL539,1.00E+04,6.75E+24,1,771
512,PL1920,5.88E+04,1.35E+24,1,260
513,PL3145,8.57E+03,2.80E+23,1,622
514,PL11,6.86E+04,9.19E+24,1,361
515,PL335,1.81E+04,3.01E+24,2,498
516,PL3907,2.83E+03,2.50E+24,2,598
517,PL3150,6.20E+04,3.41E+24,6,922
518,PL3935,6.46E+04,2.51E+24,2,721
519,PL2502,3.53E+04,8.20E+24,5,889
520,PL4593,3.33E+04,9.39E+24,0,490
521,PL3803,4.27E+04,7.94E+24,3,418
522,PL3615,6.36E+04,3.92E+24,6,677
523,PL1156,3.38E+04,5.11E+24,2,91
524,PL3743,1.21E+04,7.14E+24,4,842
525,PL2305,2.79E+04,2.01E+24,4,250
526,PL567,1.86E+04,7.45E+24,2,130
527,PL899,6.69E+04,5.49E+24,1,468
528,PL1194,6.68E+04,9.07E+24,3,638
529,PL1065,3.50E+04,1.63E+24,2,98
530,PL507,9.03E+03,6.83E+23,2,935
531,PL1702,5.94E+03,6.58E+24,4,175
532,PL1452,1.35E+04,6.91E+24,2,477
533,PL3906,5.21E+04,1.80E+24,3,166
534,PL4181,2.61E+04,5.60E+24,1,440
535,PL3235,2.37E+04,8.83E+24,3,133
536,PL1642,3.52E+04,5.07E+24,6,160
537,PL233,4.12E+04,8.98E+24,6,338
538,PL716,8.83E+03,3.00E+24,0,425
539,PL1217,4.56E+04,6.92E+24,1,783
540,PL3318,1.20E+04,5.73E+24,1,798
541,PL2334,4.71E+04,9.07E+24,4,428
542,PL1905,3.91E+04,1.50E+24,1,248
543,PL2690,2.29E+04,1.37E+24,0,631
544,PL411,6.10E+03,8.19E+24,4,639
545,PL3543,2.61E+04,3.38E+24,1,327
546,PL1466,5.17E+04,7.75E+23,2,98
547,PL4694,4.80E+04,4.85E+24,1,17
548,PL4258,2.13E+04,6.37E+24,0,46
549,PL1008,4.33E+04,7.79E+23,0,899
550,PL819,4.48E+04,2.05E+24,2,119
551,PL2416,5.11E+04,6.63E+24,1,840
552,PL2994,1.81E+04,1.60E+24,1,198
553,PL992,2.32E+04,8.12E+24,5,332
554,PL1468,3.81E+04,3.26E+24,1,212
555,PL931,5.41E+04,9.38E+23,2,67
556,PL276,4.48E+04,6.02E+24,4,145
557,PL4244,4.02E+04,9.54E+24,1,147
558,PL448,3.93E+04,1.31E+23,3,112
559,PL2181,2.39E+04,6.84E+24,0,895
560,PL597,2.65E+04,1.97E+24,2,213
561,PL4535,2.17E+04,8.73E+24,1,173
562,PL4265,5.24E+04,7.16E+24,2,161
563,PL3632,3.86E+03,7.00E+24,1,578
564,PL2649,3.82E+04,7.79E+24,3,246
565,PL4785,3.20E+04,6.86E+24,2,145
566,PL2496,4.68E+04,8.26E+24,5,785
567,PL3240,6.16E+04,5.12E+24,3,218
568,PL924,6.81E+04,1.44E+24,3,614
569,PL285,2.63E+04,8.28E+24,4,818
570,PL1334,6.63E+04,7.92E+23,1,554
571,PL4037,6.34E+04,5.75E+24,1,971
572,PL4913,4.11E+04,1.07E+24,1,922
573,PL3094,3.93E+04,9.31E+24,2,131
574,PL4686,6.79E+04,1.25E+24,1,877
575,PL3282,6.43E+04,5.32E+24,2,513
576,PL2339,1.48E+04,2.43E+24,5,544
577,PL1989,5.52E+04,7.84E+24,7,896
578,PL1073,2.40E+04,4.93E+24,2,775
579,PL2397,3.62E+03,3.22E+24,0,874
580,PL3548,3.99E+04,2.74E+24,1,750
581,PL4050,2.30E+04,6.76E+24,3,308
582,PL4103,3.72E+04,4.31E+24,5,929
583,PL2064,6.19E+04,6.55E+24,1,624
584,PL1047,5.87E+04,5.34E+24,3,878
585,PL1918,4.72E+04,6.14E+24,4,969
586,PL927,2.23E+04,3.90E+24,1,524
587,PL3999,1.17E+04,5.12E+24,0,81
588,PL1576,3.93E+04,7.76E+24,0,393
589,PL278,1.61E+04,6.26E+24,5,738
590,PL1460,3.42E+04,6.03E+24,2,791
591,PL141,6.63E+04,3.90E+24,1,144
592,PL2195,8.92E+03,8.48E+24,1,872
593,PL3233,4.47E+04,4.35E+24,3,824
594,PL3672,4.69E+04,8.71E+24,0,36
595,PL644,1.15E+04,3.83E+24,4,975
596,PL1319,2.09E+04,9.44E+24,0,620
597,PL4839,5.32E+04,5.47E+24,3,53
598,PL512,3.28E+03,6.94E+24,2,929
599,PL307,5.70E+04,2.38E+24,2,196
600,PL1578,5.81E+04,8.24E+24,0,360
601,PL4369,2.72E+04,8.98E+24,2,976
602,PL3732,4.63E+04,1.11E+24,3,311
603,PL3380,4.62E+04,2.41E+24,0,97
604,PL2044,4.88E+04,3.67E+24,1,728
605,PL604,5.87E+04,4.49E+24,5,252
606,PL4425,1.95E+04,6.71E+23,3,209
607,PL1538,1.56E+04,4.42E+24,2,832
608,PL593,3.42E+04,6.57E+24,6,502
609,PL4296,5.92E+04,4.63E+24,1,637
610,PL3332,2.20E+04,7.91E+24,1,169
611,PL4384,3.82E+04,8.67E+24,2,638
612,PL1723,6.02E+04,9.39E+24,2,535
613,PL4783,4.96E+04,7.17E+24,3,924
614,PL545,1.51E+04,4.38E+24,1,281
615,PL2607,5.20E+04,8.25E+24,2,143
616,PL4705,3.69E+04,5.40E+24,2,768
617,PL3833,1.71E+04,3.81E+24,1,803
618,PL2592,3.96E+04,9.18E+24,3,243
619,PL2326,7.63E+03,3.44E+24,1,444
620,PL267,3.16E+04,6.91E+24,1,429
621,PL4531,2.02E+04,8.20E+24,0,519
622,PL1414,6.07E+04,5.03E+24,2,546
623,PL4539,4.46E+04,7.95E+24,1,759
624,PL2445,6.04E+04,5.76E+24,3,382
625,PL811,6.77E+04,4.30E+24,1,784
626,PL2564,4.59E+04,1.37E+23,2,809
627,PL3812,1.17E+04,7.66E+24,6,279
628,PL3970,1.58E+04,5.80E+24,0,721
629,PL10,2.42E+04,7.44E+24,0,537
630,PL652,1.48E+04,4.25E+24,6,995
631,PL2840,6.85E+04,7.45E+24,1,183
632,PL228,3.85E+04,4.93E+24,6,678
633,PL2414,4.26E+04,6.57E+23,4,268
634,PL2557,1.99E+04,7.83E+23,4,785
635,PL1796,4.18E+04,5.94E+24,1,68
636,PL200,6.74E+04,7.69E+24,1,330
637,PL4386,5.94E+04,7.12E+24,7,542
638,PL159,3.50E+04,5.40E+23,4,605
639,PL2642,4.00E+04,3.29E+24,0,353
640,PL4759,5.03E+04,5.26E+24,1,8
641,PL2420,4.41E+04,3.13E+24,0,195
642,PL1455,2.78E+04,9.29E+24,2,526
643,PL2688,1.64E+04,7.11E+24,0,131
644,PL963,5.37E+04,1.54E+23,6,907
645,PL1559,6.85E+04,1.54E+24,3,730
646,PL4830,5.83E+04,3.86E+23,7,19
647,PL381,6.16E+04,5.13E+23,4,101
648,PL2781,7.05E+03,3.14E+24,1,378
649,PL1906,1.92E+04,3.05E+24,1,327
650,PL4790,6.13E+04,4.76E+24,0,405
651,PL2818,5.79E+04,4.29E+24,1,956
652,PL435,6.91E+04,2.12E+24,0,731
653,PL4323,4.44E+04,6.64E+24,0,114
654,PL2924,3.52E+04,6.33E+24,8,868
655,PL3555,5.56E+04,2.43E+24,3,983
656,PL765,4.54E+04,1.77E+24,1,737
657,PL2243,1.63E+04,3.70E+24,4,27
658,PL3481,2.36E+04,9.36E+24,0,798
659,PL3733,8.06E+03,7.14E+22,4,118
660,PL401,4.39E+04,1.55E+24,0,514
661,PL297,4.51E+03,3.02E+24,1,623
662,PL530,6.32E+04,3.88E+24,2,835
663,PL1564,4.12E+04,8.69E+24,7,39
664,PL1974,2.76E+04,6.87E+24,0,19
665,PL4218,4.87E+04,1.07E+24,5,668
666,PL4409,3.05E+04,7.00E+24,0,251
667,PL4243,1.47E+04,9.39E+24,1,443
668,PL3412,1.11E+04,7.48E+24,1,889
669,PL4424,5.49E+04,2.50E+24,6,275
670,PL861,6.39E+04,9.52E+24,1,919
671,PL1260,5.70E+04,2.81E+24,1,642
672,PL1492,5.21E+04,9.26E+24,6,253
673,PL952,3.68E+04,8.89E+24,8,558
674,PL1966,1.08E+04,8.00E+24,1,719
675,PL4997,3.60E+04,6.62E+24,0,770
676,PL3238,5.68E+04,2.79E+23,1,712
677,PL2383,4.29E+04,8.99E+24,4,161
678,PL2604,1.22E+04,9.58E+24,2,757
679,PL615,3.71E+04,3.48E+24,2,89
680,PL2827,3.35E+04,4.45E+24,2,226
681,PL1725,2.14E+04,3.79E+24,2,102
682,PL901,1.32E+04,2.94E+24,1,970
683,PL115,5.49E+04,5.66E+24,1,595
684,PL1094,7.51E+03,5.37E+24,0,177
685,PL3941,4.16E+04,7.78E+23,2,340
686,PL4677,2.60E+04,3.31E+24,0,113
687,PL2135,6.92E+04,2.14E+23,3,288
688,PL1710,1.74E+04,3.99E+24,2,364
689,PL731,6.94E+04,6.20E+24,1,809
690,PL2295,4.62E+04,1.52E+22,7,491
691,PL1995,6.16E+04,4.79E+24,0,691
692,PL2752,2.23E+04,1.99E+24,0,210
693,PL971,3.59E+04,9.41E+24,0,519
694,PL3998,1.03E+04,4.74E+24,1,212
695,PL3386,3.49E+04,5.85E+24,1,779
696,PL658,4.35E+04,7.38E+24,4,79
697,PL3022,2.09E+04,6.61E+24,2,161
698,PL4076,1.69E+04,6.93E+23,5,919
699,PL3410,3.83E+04,1.07E+24,1,849
700,PL3526,3.36E+04,9.29E+24,9,612
701,PL2072,6.42E+04,2.81E+24,0,147
702,PL398,6.05E+04,4.38E+24,0,655
703,PL2267,6.62E+04,7.43E+24,1,400
704,PL4610,1.46E+04,3.66E+24,1,215
705,PL4495,1.71E+04,3.85E+24,4,299
706,PL2886,2.19E+04,9.13E+24,3,453
707,PL3199,2.51E+04,7.28E+24,5,273
708,PL2042,3.46E+04,3.18E+24,1,412
709,PL455,4.40E+04,6.50E+24,4,584
710,PL3084,1.76E+04,4.89E+24,0,48
711,PL138,6.71E+04,4.11E+24,1,825
712,PL3469,5.88E+04,4.29E+24,0,26
713,PL2582,6.26E+04,1.55E+24,2,140
714,PL3246,6.04E+04,7.69E+24,8,403
715,PL510,1.83E+04,7.89E+24,1,229
716,PL2065,5.22E+04,2.97E+24,5,187
717,PL3518,4.98E+04,6.14E+24,1,401
718,PL3426,5.24E+04,5.21E+24,0,452
719,PL2571,1.49E+04,7.82E+24,0,778
720,PL2823,6.06E+04,6.52E+24,1,59
721,PL2698,6.98E+04,5.11E+24,9,262
722,PL2872,5.43E+04,9.07E+23,2,463
723,PL3575,4.22E+04,3.96E+24,4,25
724,PL1558,2.37E+04,3.04E+24,4,300
725,PL129,8.41E+03,2.73E+24,2,367
726,PL3400,2.38E+04,4.91E+24,1,87
727,PL355,5.38E+04,3.51E+24,3,255
728,PL3314,6.04E+04,3.73E+24,2,225
729,PL4784,4.50E+04,9.01E+24,0,112
730,PL2659,2.67E+04,4.77E+24,0,809
731,PL1251,3.29E+04,6.73E+24,1,536
732,PL461,1.30E+04,5.17E+24,0,405
733,PL2167,6.19E+04,6.19E+24,10,192
734,PL2062,1.94E+04,9.23E+24,0,520
735,PL147,4.97E+04,4.70E+24,7,888
736,PL4073,5.72E+04,5.41E+24,0,461
737,PL1898,4.74E+04,8.05E+24,7,835
738,PL4036,1.15E+04,5.04E+24,10,159
739,PL3492,6.58E+04,7.02E+24,2,720
740,PL3421,1.31E+04,1.10E+24,2,218
741,PL1915,1.11E+04,8.96E+24,1,185
742,PL4954,3.56E+04,1.48E+24,1,491
743,PL1241,4.56E+04,8.60E+24,4,364
744,PL1748,6.50E+04,4.13E+24,5,550
745,PL1727,6.51E+04,8.83E+23,1,82
746,PL3284,3.75E+04,7.17E+23,5,583
747,PL1012,3.67E+04,5.14E+24,2,619
748,PL4849,1.15E+04,5.46E+24,1,208
749,PL2510,6.36E+04,4.64E+24,2,217
750,PL3702,1.49E+04,4.76E+24,0,177
751,PL4273,3.81E+04,4.07E+24,7,72
752,PL961,1.11E+04,4.63E+24,0,262
753,PL3480,3.43E+04,7.36E+24,0,461
754,PL1510,3.21E+04,5.09E+24,4,960
755,PL1644,5.78E+04,1.73E+24,1,65
756,PL4028,1.78E+04,4.88E+24,1,466
757,PL274,5.09E+04,3.72E+24,8,684
758,PL1451,2.07E+04,5.48E+24,0,794
759,PL72,2.81E+04,2.68E+24,3,703
760,PL3457,2.16E+04,1.48E+24,6,918
761,PL3624,3.70E+04,8.21E+24,2,12
762,PL4598,5.16E+04,2.61E+24,0,407
763,PL4090,2.88E+04,6.26E+24,2,821
764,PL3942,4.89E+04,2.42E+24,0,770
765,PL2100,6.62E+03,3.45E+24,4,416
766,PL4490,4.31E+04,7.64E+24,1,507
767,PL3036,1.81E+04,9.58E+24,2,613
768,PL1453,6.62E+04,2.67E+24,5,287
769,PL4239,4.62E+04,9.01E+24,0,673
770,PL4936,5.17E+04,8.52E+24,0,770
771,PL4024,5.33E+04,1.25E+24,1,388
772,PL3322,3.41E+03,6.54E+24,7,955
773,PL1971,1.73E+04,3.29E+24,1,599
774,PL4812,1.91E+04,9.24E+24,2,475
775,PL1101,1.23E+04,5.35E+24,1,613
776,PL824,5.28E+04,8.69E+24,0,177
777,PL1001,4.28E+04,4.82E+24,0,79
778,PL3584,1.66E+04,4.79E+23,1,475
779,PL1794,1.41E+04,1.95E+24,1,285
780,PL3137,2.66E+04,3.88E+23,2,87
781,PL195,3.85E+04,3.74E+24,0,25
782,PL630,6.17E+04,3.41E+24,2,947
783,PL2266,5.59E+04,5.08E+23,3,707
784,PL4114,6.83E+04,3.29E+24,8,817
785,PL2593,5.56E+04,5.34E+24,0,160
786,PL213,3.37E+03,5.36E+24,3,96
787,PL4658,1.90E+04,4.91E+23,1,135
788,PL3977,6.16E+04,1.94E+24,1,928
789,PL3160,4.52E+04,8.45E+24,0,27
790,PL813,6.43E+04,1.91E+24,0,520
791,PL3698,4.54E+04,8.69E+24,3,513
792,PL1044,1.40E+04,1.32E+24,1,955
793,PL876,4.67E+04,6.24E+22,1,362
794,PL4568,1.52E+04,7.91E+24,3,811
795,PL3349,1.40E+04,1.48E+24,1,677
796,PL1162,3.06E+04,2.95E+24,2,995
797,PL4465,2.59E+03,1.73E+24,3,739
798,PL4083,1.85E+04,6.38E+24,0,308
799,PL620,2.03E+04,2.81E+24,1,211
800,PL383,4.96E+04,8.99E+24,0,288
801,PL2810,1.76E+04,4.85E+24,4,458
802,PL4055,1.34E+04,8.26E+24,0,212
803,PL1472,5.63E+04,2.04E+24,0,798
804,PL2363,1.73E+04,2.61E+24,3,706
805,PL898,3.00E+04,8.50E+24,1,168
806,PL1955,2.33E+04,7.32E+24,1,783
807,PL3471,5.50E+04,8.04E+23,1,480
808,PL3177,2.75E+04,6.83E+24,2,289
809,PL2736,2.03E+04,2.89E+24,3,504
810,PL4052,5.00E+03,2.02E+24,2,456
811,PL4522,3.57E+03,9.13E+24,1,392
812,PL1745,3.62E+04,6.81E+24,1,416
813,PL849,1.60E+04,6.57E+24,1,9
814,PL4827,4.27E+04,5.04E+24,3,406
815,PL846,4.86E+04,9.13E+24,1,680
816,PL2202,6.71E+04,6.52E+24,0,212
817,PL1406,3.94E+04,8.37E+24,2,395
818,PL2141,5.50E+04,5.28E+24,1,818
819,PL831,4.18E+04,9.48E+24,3,593
820,PL3377,6.05E+04,2.29E+24,1,612
821,PL1891,2.52E+04,5.90E+24,0,778
822,PL3032,3.93E+04,6.96E+24,0,112
823,PL600,6.80E+04,8.46E+24,5,844
824,PL3194,2.39E+04,1.93E+24,8,465
825,PL1214,5.10E+04,7.90E+24,2,985
826,PL1343,1.23E+04,7.49E+24,2,605
827,PL1924,4.03E+04,8.50E+24,0,303
828,PL1326,6.15E+04,3.30E+24,0,873
829,PL2879,6.03E+04,8.06E+24,1,656
830,PL2217,3.28E+04,3.77E+24,10,276
831,PL3800,5.71E+04,3.05E+24,0,858
832,PL1308,4.94E+04,2.07E+24,5,232
833,PL678,6.43E+04,9.40E+24,1,716
834,PL3273,1.73E+04,3.89E+24,1,199
835,PL1091,6.38E+04,2.45E+24,2,769
836,PL1847,5.11E+04,5.66E+24,1,696
837,PL2885,4.47E+04,3.15E+24,3,587
838,PL2287,4.87E+04,3.94E+24,2,320
839,PL2902,5.43E+04,8.02E+23,6,654
840,PL1478,5.76E+04,2.24E+24,0,29
841,PL2232,4.14E+04,8.74E+24,1,1000
842,PL1358,2.50E+04,4.57E+24,0,868
843,PL946,4.43E+04,1.29E+24,2,539
844,PL3438,6.88E+04,5.22E+24,1,687
845,PL4463,3.27E+04,1.63E+24,2,264
846,PL4473,4.46E+03,1.59E+24,4,513
847,PL4696,4.91E+04,5.87E+23,1,256
848,PL3327,5.54E+04,6.10E+24,0,226
849,PL3959,3.07E+04,2.88E+24,0,321
850,PL1474,2.07E+04,4.08E+24,1,757
851,PL3392,6.73E+04,5.01E+24,0,398
852,PL2489,6.51E+04,6.76E+24,1,616
853,PL266,5.39E+04,7.50E+24,1,888
854,PL63,4.16E+04,8.70E+24,0,878
855,PL391,2.10E+04,5.96E+24,0,416
856,PL668,1.52E+04,3.23E+24,4,340
857,PL108,8.03E+03,6.15E+24,0,25
858,PL3607,6.41E+04,8.87E+23,0,387
859,PL4625,5.98E+04,5.49E+24,5,573
860,PL3900,2.18E+04,9.02E+23,3,644
861,PL3140,6.57E+04,5.22E+24,1,958
862,PL1461,4.98E+04,4.79E+24,3,789
863,PL3,1.37E+04,2.01E+24,1,313
864,PL4317,1.04E+04,5.83E+24,2,546
865,PL818,6.67E+04,1.50E+24,0,490
866,PL1706,2.44E+04,5.07E+24,3,154
867,PL1821,6.31E+04,6.72E+24,0,924
868,PL4612,2.38E+04,2.09E+24,4,843
869,PL2759,2.05E+04,8.01E+24,6,576
870,PL2771,5.17E+04,1.35E+23,0,220
871,PL212,1.33E+04,1.18E+24,0,702
872,PL1276,5.63E+04,9.56E+24,1,974
873,PL4195,3.56E+04,6.49E+24,5,761
874,PL3274,6.58E+04,4.50E+24,3,120
875,PL4081,6.94E+04,9.38E+24,0,937
876,PL948,3.48E+04,1.41E+24,4,952
877,PL1349,5.01E+04,3.43E+24,0,209
878,PL1284,3.47E+04,7.34E+24,4,727
879,PL4987,6.10E+04,1.16E+24,1,507
880,PL4087,2.36E+04,2.48E+24,6,866
881,PL4229,4.51E+04,1.52E+24,3,918
882,PL626,1.50E+04,8.48E+24,2,717
883,PL3847,6.14E+04,3.76E+24,9,94
884,PL1442,1.81E+04,4.67E+24,4,296
885,PL618,3.26E+03,6.28E+22,2,517
886,PL60,5.97E+04,4.36E+24,0,778
887,PL1413,4.97E+04,9.40E+24,3,121
888,PL745,2.52E+04,9.43E+24,0,593
889,PL4209,4.14E+04,4.33E+24,0,889
890,PL3726,5.77E+03,7.95E+24,1,500
891,PL1275,3.57E+04,1.78E+24,1,979
892,PL3646,2.31E+04,2.68E+24,0,208
893,PL1373,4.84E+04,3.39E+24,4,626
894,PL2320,3.15E+04,7.70E+24,2,904
895,PL1244,2.79E+04,7.12E+23,3,127
896,PL2954,5.52E+04,7.56E+24,3,349
897,PL311,1.53E+04,3.17E+24,0,261
898,PL1083,2.38E+04,5.87E+24,1,411
899,PL3155,2.74E+04,1.64E+24,2,845
900,PL2975,6.15E+04,9.34E+24,2,577
901,PL4555,6.12E+04,9.22E+24,1,21
902,PL1225,1.46E+04,7.68E+24,1,403
903,PL1209,4.75E+03,1.51E+24,3,717
904,PL591,3.40E+04,2.08E+22,2,578
905,PL3738,2.50E+04,8.52E+24,0,866
906,PL4506,1.12E+04,7.01E+24,2,216
907,PL2239,2.83E+03,6.11E+24,0,536
908,PL2576,1.23E+04,2.65E+24,7,471
909,PL4335,5.72E+04,9.16E+24,3,333
910,PL4115,1.74E+04,5.83E+24,1,248
911,PL2474,2.14E+04,8.13E+24,1,193
912,PL4589,5.65E+04,4.09E+24,0,976
913,PL1734,9.46E+03,1.64E+24,2,841
914,PL4295,2.40E+04,6.48E+24,10,649
915,PL2069,3.47E+04,1.70E+24,1,136
916,PL4282,1.03E+04,8.18E+24,1,541
917,PL4376,4.83E+04,2.33E+24,4,508
918,PL4353,4.77E+04,5.28E+24,1,922
919,PL3023,5.71E+03,8.95E+23,0,96
920,PL2527,6.51E+04,9.55E+24,4,260
921,PL834,2.92E+03,8.67E+23,0,588
922,PL837,3.20E+04,3.41E+24,0,220
923,PL2187,1.24E+04,7.59E+24,3,845
924,PL2149,7.59E+03,2.69E+24,2,455
925,PL1050,1.34E+04,7.49E+24,0,979
926,PL774,1.80E+04,6.58E+24,2,88
927,PL2932,4.66E+04,2.57E+24,2,123
928,PL3297,3.82E+04,1.49E+24,5,249
929,PL2770,6.76E+04,5.92E+24,4,674
930,PL4310,6.68E+04,5.80E+24,6,493
931,PL1425,4.77E+04,1.73E+23,0,422
932,PL1010,6.50E+04,6.45E+24,1,259
933,PL3703,6.50E+04,6.58E+24,3,567
934,PL2254,2.57E+03,1.80E+23,4,647
935,PL2090,5.69E+04,3.87E+24,3,867
936,PL2543,3.74E+04,6.15E+23,2,450
937,PL815,1.33E+04,5.44E+24,2,890
938,PL3974,3.98E+04,7.15E+23,3,362
939,PL2715,3.22E+04,9.16E+24,0,407
940,PL322,3.73E+04,1.96E+24,5,499
941,PL333,1.00E+04,9.01E+24,0,177
942,PL2248,2.12E+04,5.34E+24,3,456
943,PL613,6.69E+04,2.70E+24,2,610
944,PL3951,4.74E+03,2.61E+24,2,324
945,PL3718,6.72E+04,5.36E+24,0,809
946,PL1565,5.91E+03,4.31E+24,0,139
947,PL2703,1.70E+04,5.19E+24,1,216
948,PL1271,6.77E+04,9.48E+24,5,218
949,PL4418,2.37E+04,9.02E+24,3,449
950,PL2993,4.30E+04,3.32E+24,0,330
951,PL601,6.69E+04,5.99E+24,0,418
952,PL3305,3.13E+04,8.57E+24,7,589
953,PL3329,1.81E+04,3.07E+23,2,479
954,PL1088,2.54E+04,1.43E+24,5,267
955,PL2785,1.12E+04,6.47E+24,2,823
956,PL1845,6.79E+04,7.83E+24,8,496
957,PL1371,3.07E+04,5.22E+24,0,934
958,PL2888,6.08E+04,2.17E+24,1,665
959,PL3553,3.19E+04,2.90E+24,2,847
960,PL2623,4.18E+04,8.92E+24,2,802
961,PL1998,2.83E+03,2.87E+24,0,895
962,PL4666,2.32E+04,2.50E+24,1,55
963,PL268,6.07E+04,8.59E+24,1,203
964,PL2047,3.30E+04,4.01E+24,5,181
965,PL1058,4.25E+04,1.51E+24,4,239
966,PL2323,6.16E+04,8.50E+24,0,747
967,PL3689,9.27E+03,5.06E+24,1,154
968,PL4492,2.74E+04,8.05E+24,2,345
969,PL3355,5.94E+04,7.68E+24,1,271
970,PL4815,2.21E+04,5.03E+24,1,86
971,PL2504,2.85E+04,1.36E+24,3,163
972,PL4082,6.16E+04,6.89E+24,3,284
973,PL1198,6.32E+04,4.63E+24,2,447
974,PL3236,9.19E+03,2.79E+24,4,95
975,PL2581,5.27E+04,5.19E+24,0,8
976,PL4861,3.49E+04,2.29E+24,1,758
977,PL3922,2.52E+04,7.87E+24,5,521
978,PL1963,1.62E+04,7.28E+24,2,45
979,PL1535,2.78E+04,4.27E+24,0,712
980,PL3218,1.42E+04,2.25E+24,1,233
981,PL3298,2.14E+04,8.09E+23,0,223
982,PL702,5.55E+04,4.96E+24,0,548
983,PL1851,6.04E+03,7.01E+24,2,797
984,PL4000,3.05E+04,3.98E+24,1,260
985,PL2794,4.42E+04,3.10E+24,1,326
986,PL653,6.80E+04,5.91E+24,6,124
987,PL2389,6.36E+04,5.52E+24,4,969
988,PL4646,2.22E+04,9.39E+24,2,63
989,PL2838,1.63E+04,4.05E+23,0,27
990,PL4086,5.79E+04,9.27E+24,2,100
991,PL2136,2.84E+04,7.88E+24,4,106
992,PL2594,4.29E+04,4.20E+24,1,597
993,PL1417,3.11E+04,2.71E+24,1,196
994,PL3498,1.15E+04,5.50E+24,3,492
995,PL3459,6.59E+04,2.71E+24,1,249
996,PL4774,5.88E+04,2.69E+24,0,13
997,PL4571,5.60E+04,9.02E+24,0,104
998,PL2247,1.03E+04,3.97E+23,6,690
999,PL4723,2.22E+04,2.13E+24,2,428
1000,PL143,5.01E+04,1.60E+24,6,118
