1;S1153;Зондирования;75999745;2013;2013;710
2;S238;Астрономический;119794982;2014;2016;683
3;S1487;Биоспутник;369335924;2011;2011;364
4;S2369;Астрономический;250639411;2016;2016;299
5;S2062;Зондирования;181133511;2021;2023;925
6;S2025;Астрономический;448131507;2011;2012;276
7;S4619;Биоспутник;364391375;2015;2016;896
8;S4725;Астрономический;131847647;2011;2012;688
9;S3811;Астрономический;36166562;2010;2010;70
10;S2356;Зондирования;394574132;2017;2019;745
11;S3143;Зондирования;86340480;2013;2014;769
12;S4863;Зондирования;478728824;2013;2015;174
13;S262;Астрономический;174938205;2017;2019;536
14;S918;Астрономический;247309052;2022;2023;743
15;S780;Биоспутник;211052191;2019;2019;506
16;S3657;Зондирования;278623980;2019;2020;219
17;S1662;Зондирования;47588910;2020;2020;109
18;S3746;Астрономический;146012325;2020;2021;413
19;S2980;Зондирования;108473983;2016;2017;450
20;S2987;Зондирования;426732404;2021;2021;273
21;S2467;Биоспутник;51360849;2012;2012;920
22;S2275;Астрономический;19508107;2018;2019;304
23;S4840;Астрономический;215257400;2020;2022;345
24;S3276;Астрономический;292194179;2011;2013;17
25;S2669;Биоспутник;424318250;2013;2015;242
26;S4526;Биоспутник;420290984;2021;2022;913
27;S445;Биоспутник;379069986;2022;2022;259
28;S834;Биоспутник;386351819;2017;2017;649
29;S4309;Астрономический;416720041;2014;2015;279
30;S1841;Биоспутник;99693289;2017;2019;94
31;S4689;Зондирования;359194795;2015;2017;309
32;S797;Биоспутник;310147920;2016;2018;823
33;S1244;Биоспутник;59886859;2019;2019;45
34;S1828;Биоспутник;432869032;2019;2020;377
35;S1243;Астрономический;63753807;2017;2017;414
36;S685;Зондирования;39746456;2019;2020;702
37;S222;Зондирования;296956547;2020;2022;886
38;S4599;Биоспутник;26733156;2012;2012;576
39;S3087;Биоспутник;133694730;2019;2019;280
40;S4608;Астрономический;186488020;2020;2022;809
41;S1955;Биоспутник;176059343;2013;2015;41
42;S3954;Астрономический;314879282;2012;2012;806
43;S4896;Зондирования;73697179;2019;2019;780
44;S2453;Биоспутник;176651149;2011;2011;665
45;S3485;Астрономический;394113646;2011;2013;983
46;S1405;Зондирования;289691190;2018;2019;208
47;S1572;Зондирования;59914383;2015;2017;974
48;S853;Зондирования;262093321;2016;2016;42
49;S2465;Астрономический;208404422;2021;2021;693
50;S1661;Зондирования;319154912;2022;2022;335
51;S2158;Биоспутник;32817199;2018;2019;328
52;S749;Астрономический;49826700;2012;2013;640
53;S3901;Астрономический;37325311;2010;2011;660
54;S3411;Астрономический;436741780;2012;2014;875
55;S4381;Зондирования;476229422;2022;2024;862
56;S1287;Биоспутник;198833519;2017;2018;603
57;S3898;Зондирования;427028757;2021;2023;176
58;S1941;Зондирования;30048011;2019;2019;847
59;S3687;Астрономический;221121562;2017;2019;683
60;S3948;Зондирования;411840793;2022;2023;109
61;S2040;Биоспутник;258271595;2016;2016;544
62;S3721;Зондирования;107028343;2020;2022;813
63;S743;Биоспутник;146647486;2015;2015;936
64;S201;Астрономический;73576068;2019;2021;608
65;S2707;Биоспутник;289723980;2020;2022;691
66;S4919;Астрономический;123115162;2018;2018;116
67;S1342;Астрономический;386053076;2011;2011;343
68;S2803;Биоспутник;238837972;2019;2019;717
69;S1631;Астрономический;396407670;2022;2022;427
70;S1094;Астрономический;87781211;2021;2021;420
71;S1333;Зондирования;305654077;2013;2013;341
72;S1880;Биоспутник;495976067;2013;2015;570
73;S574;Астрономический;341348069;2013;2015;930
74;S1499;Астрономический;38680823;2013;2014;88
75;S1665;Биоспутник;185686812;2014;2015;498
76;S2327;Зондирования;82656618;2010;2010;668
77;S2922;Астрономический;468128612;2015;2017;160
78;S4006;Зондирования;3272809;2019;2019;992
79;S54;Астрономический;158131973;2022;2022;319
80;S4895;Астрономический;391023786;2011;2012;795
81;S4798;Биоспутник;176794941;2020;2022;883
82;S3865;Биоспутник;72801110;2015;2016;987
83;S4719;Биоспутник;358482199;2010;2012;433
84;S2981;Зондирования;218404778;2012;2012;250
85;S3375;Зондирования;301408154;2015;2015;630
86;S1965;Астрономический;305267464;2011;2011;441
87;S589;Астрономический;23013221;2016;2016;656
88;S4099;Астрономический;490759766;2012;2014;641
89;S3917;Зондирования;249708548;2019;2019;200
90;S2076;Биоспутник;147405204;2021;2021;923
91;S1388;Зондирования;492051598;2022;2023;988
92;S3693;Астрономический;127160042;2013;2013;488
93;S4493;Биоспутник;369782799;2011;2013;877
94;S1280;Биоспутник;301559460;2020;2022;953
95;S4730;Биоспутник;277490262;2010;2010;515
96;S2167;Зондирования;211820325;2017;2018;52
97;S3935;Зондирования;260955640;2021;2021;81
98;S575;Биоспутник;419229332;2011;2012;345
99;S1387;Астрономический;176400689;2016;2016;205
100;S447;Биоспутник;389675224;2019;2021;585
101;S2059;Астрономический;320408580;2015;2016;496
102;S1450;Биоспутник;174952131;2018;2018;304
103;S4621;Астрономический;470155806;2011;2013;976
104;S2938;Астрономический;246978665;2022;2022;252
105;S4951;Зондирования;398955462;2015;2015;14
106;S3695;Астрономический;194875868;2020;2020;176
107;S4683;Зондирования;40693592;2018;2019;595
108;S4061;Биоспутник;186216807;2018;2019;560
109;S3692;Биоспутник;447397339;2022;2024;775
110;S1865;Биоспутник;346231283;2010;2012;764
111;S4306;Астрономический;236104463;2010;2012;10
112;S3294;Зондирования;444980382;2013;2015;996
113;S4119;Зондирования;115006821;2011;2013;575
114;S2150;Биоспутник;178141201;2017;2019;179
115;S4900;Биоспутник;289415267;2016;2017;735
116;S1697;Астрономический;347926966;2016;2016;67
117;S2084;Биоспутник;181556729;2018;2018;277
118;S364;Астрономический;454199940;2014;2015;879
119;S753;Биоспутник;240379300;2013;2013;227
120;S2357;Зондирования;421553037;2013;2014;31
121;S3890;Зондирования;489824453;2011;2011;441
122;S4976;Зондирования;476687898;2019;2020;885
123;S1029;Биоспутник;261900565;2013;2015;689
124;S2225;Биоспутник;85732014;2010;2012;112
125;S1453;Биоспутник;240107780;2012;2012;636
126;S1377;Биоспутник;448252199;2015;2015;291
127;S1835;Биоспутник;344827406;2019;2020;350
128;S2510;Астрономический;288375980;2014;2014;252
129;S1283;Биоспутник;162901007;2019;2020;683
130;S4560;Биоспутник;387665287;2011;2011;574
131;S3723;Астрономический;113504091;2012;2014;44
132;S2186;Зондирования;490333946;2015;2015;13
133;S824;Астрономический;138793186;2013;2013;567
134;S3870;Астрономический;66476700;2017;2017;991
135;S3914;Зондирования;206162791;2012;2013;542
136;S349;Биоспутник;459234710;2014;2016;157
137;S1194;Зондирования;365006237;2015;2015;123
138;S463;Астрономический;465531997;2013;2013;731
139;S2677;Биоспутник;38860346;2017;2018;125
140;S3091;Биоспутник;419240946;2019;2020;808
141;S3801;Зондирования;325253828;2017;2019;667
142;S567;Биоспутник;435565406;2021;2022;344
143;S2212;Астрономический;475141263;2016;2017;603
144;S4497;Зондирования;311326816;2011;2012;102
145;S1000;Астрономический;456995108;2014;2015;128
146;S2846;Зондирования;69793403;2016;2018;515
147;S2174;Астрономический;265947268;2017;2018;658
148;S4069;Зондирования;391204135;2020;2021;429
149;S2189;Биоспутник;168889319;2011;2011;227
150;S976;Биоспутник;306989082;2010;2011;280
151;S4870;Биоспутник;12034286;2021;2021;302
152;S1503;Астрономический;179086676;2019;2021;280
153;S2793;Астрономический;480537439;2010;2012;830
154;S4817;Биоспутник;486633359;2011;2011;277
155;S2106;Астрономический;265740062;2021;2023;92
156;S2122;Биоспутник;372269429;2020;2022;637
157;S1832;Биоспутник;371549756;2021;2022;303
158;S4917;Астрономический;197516865;2011;2013;999
159;S1878;Биоспутник;205710995;2014;2014;579
160;S4472;Биоспутник;315002426;2018;2018;377
161;S3122;Астрономический;345570202;2016;2016;240
162;S1805;Зондирования;241155565;2013;2014;901
163;S320;Зондирования;440644220;2012;2013;432
164;S3008;Биоспутник;411653664;2021;2021;473
165;S3260;Зондирования;17719567;2011;2012;629
166;S3891;Зондирования;228640870;2022;2023;158
167;S795;Зондирования;187402259;2010;2012;319
168;S4715;Астрономический;184968323;2020;2022;712
169;S3217;Астрономический;117419502;2015;2017;589
170;S2;Биоспутник;381013866;2011;2011;633
171;S1061;Астрономический;284040627;2021;2023;868
172;S2035;Биоспутник;89022992;2018;2019;502
173;S3105;Астрономический;17326647;2017;2018;92
174;S2564;Астрономический;193575062;2019;2019;734
175;S4418;Биоспутник;436195374;2013;2014;33
176;S4892;Зондирования;30732424;2013;2013;836
177;S3931;Биоспутник;74557126;2018;2020;108
178;S4396;Астрономический;143341360;2012;2014;308
179;S2316;Биоспутник;355016799;2016;2016;419
180;S4311;Биоспутник;303639250;2013;2013;229
181;S2064;Биоспутник;300736696;2021;2023;924
182;S466;Астрономический;93197660;2018;2019;895
183;S4114;Биоспутник;308863832;2019;2020;186
184;S3985;Астрономический;313595157;2012;2013;272
185;S957;Биоспутник;115834241;2014;2014;521
186;S2999;Зондирования;330627745;2022;2024;143
187;S1936;Астрономический;179736388;2016;2017;817
188;S1478;Зондирования;169659021;2013;2013;57
189;S2484;Зондирования;125039277;2015;2015;838
190;S290;Астрономический;389924434;2010;2010;716
191;S3818;Астрономический;51275388;2016;2016;395
192;S3653;Астрономический;435736757;2010;2012;89
193;S1266;Биоспутник;299590092;2018;2019;196
194;S2675;Зондирования;229991536;2017;2018;728
195;S1219;Астрономический;78040965;2015;2017;241
196;S3815;Астрономический;63030599;2017;2019;925
197;S665;Зондирования;64093234;2014;2016;496
198;S4660;Зондирования;429727735;2015;2017;550
199;S2171;Астрономический;189670919;2010;2010;746
200;S4475;Биоспутник;63195527;2011;2013;792
201;S4485;Биоспутник;14619171;2010;2012;729
202;S3471;Астрономический;307160436;2022;2023;141
203;S866;Зондирования;200145288;2010;2011;810
204;S4413;Зондирования;447592577;2020;2020;185
205;S4108;Астрономический;326896886;2016;2017;625
206;S328;Биоспутник;114718660;2012;2012;650
207;S3993;Биоспутник;318010639;2014;2015;738
208;S4266;Биоспутник;10584719;2022;2023;376
209;S1299;Астрономический;318534290;2022;2024;487
210;S4481;Зондирования;150912245;2019;2020;172
211;S1370;Биоспутник;181904425;2017;2019;486
212;S3814;Зондирования;65275042;2021;2023;648
213;S4015;Биоспутник;346081138;2015;2015;668
214;S3106;Астрономический;118061014;2013;2014;974
215;S2350;Астрономический;404356824;2014;2015;207
216;S1974;Астрономический;228751642;2013;2013;271
217;S423;Биоспутник;91907698;2017;2017;309
218;S984;Астрономический;313382739;2011;2013;911
219;S2170;Астрономический;385994179;2018;2020;763
220;S1015;Биоспутник;190868028;2015;2016;384
221;S3765;Зондирования;115820033;2017;2019;180
222;S3587;Биоспутник;444195522;2019;2021;869
223;S2373;Астрономический;355365783;2015;2015;487
224;S2534;Астрономический;352979753;2019;2019;327
225;S3456;Астрономический;253377077;2017;2017;748
226;S4732;Астрономический;46558363;2015;2017;711
227;S3696;Астрономический;33364399;2015;2017;876
228;S3433;Астрономический;158366381;2018;2020;319
229;S3741;Биоспутник;305095941;2019;2021;80
230;S4586;Астрономический;385907452;2020;2020;132
231;S4415;Биоспутник;334406316;2014;2014;139
232;S2664;Зондирования;426016391;2010;2012;535
233;S1614;Астрономический;195792826;2010;2012;205
234;S2518;Биоспутник;3923014;2016;2016;291
235;S1196;Астрономический;447065446;2016;2016;830
236;S3320;Зондирования;388111063;2018;2020;4
237;S1709;Астрономический;105993933;2015;2016;320
238;S2443;Астрономический;119137356;2011;2012;711
239;S354;Зондирования;35035771;2021;2022;447
240;S4891;Биоспутник;115186255;2017;2018;24
241;S4369;Биоспутник;32179351;2014;2015;690
242;S2763;Астрономический;70543535;2022;2023;698
243;S3681;Биоспутник;35277463;2019;2019;151
244;S2880;Зондирования;15342491;2019;2019;899
245;S3502;Зондирования;146380782;2011;2013;605
246;S1488;Биоспутник;34023666;2015;2017;806
247;S4200;Биоспутник;429923284;2012;2012;797
248;S4184;Зондирования;216504991;2011;2013;20
249;S1038;Астрономический;408113135;2020;2020;996
250;S997;Зондирования;369694965;2020;2021;119
251;S810;Астрономический;80171756;2015;2017;340
252;S4503;Биоспутник;271337745;2013;2014;353
253;S4467;Зондирования;204476138;2018;2020;619
254;S4116;Астрономический;376090655;2016;2017;790
255;S3733;Астрономический;56757831;2015;2017;101
256;S4181;Биоспутник;378035574;2016;2016;102
257;S1059;Астрономический;35246836;2013;2013;196
258;S4110;Биоспутник;128466415;2015;2016;960
259;S2583;Астрономический;234891657;2013;2015;909
260;S3406;Астрономический;97074179;2013;2014;749
261;S2800;Биоспутник;213876511;2015;2016;639
262;S189;Биоспутник;245527080;2021;2021;143
263;S94;Биоспутник;110456673;2013;2015;964
264;S1121;Биоспутник;64473856;2018;2019;542
265;S258;Зондирования;188751452;2013;2014;947
266;S2374;Астрономический;444116200;2018;2020;728
267;S4709;Зондирования;479263783;2022;2022;238
268;S981;Зондирования;32523406;2010;2011;269
269;S4767;Зондирования;149484701;2018;2018;581
270;S3255;Биоспутник;475566805;2022;2024;260
271;S3573;Зондирования;137217601;2010;2012;530
272;S4387;Астрономический;364308322;2010;2010;268
273;S1278;Астрономический;454169799;2016;2018;835
274;S3729;Астрономический;247680172;2020;2020;150
275;S2240;Биоспутник;288862267;2019;2019;959
276;S2261;Биоспутник;395130734;2020;2022;82
277;S1981;Зондирования;338068401;2018;2019;430
278;S1020;Зондирования;99352442;2015;2017;511
279;S658;Зондирования;439316140;2016;2016;832
280;S604;Биоспутник;177275260;2013;2013;429
281;S930;Биоспутник;255674005;2019;2019;403
282;S273;Зондирования;437877472;2017;2017;891
283;S3028;Зондирования;362571623;2021;2022;214
284;S572;Зондирования;345014880;2017;2018;853
285;S2918;Астрономический;451666911;2016;2016;555
286;S829;Биоспутник;132855227;2010;2010;404
287;S2617;Зондирования;167268524;2020;2020;846
288;S3238;Биоспутник;67172765;2021;2023;34
289;S908;Биоспутник;440616089;2012;2012;504
290;S428;Астрономический;251794535;2021;2023;620
291;S4;Зондирования;39179084;2021;2023;277
292;S95;Астрономический;80984530;2019;2021;736
293;S579;Зондирования;223831499;2016;2018;256
294;S1338;Астрономический;185873179;2018;2020;272
295;S318;Зондирования;360742659;2016;2016;790
296;S4635;Зондирования;171631997;2015;2015;947
297;S2051;Биоспутник;371453609;2011;2011;63
298;S2253;Биоспутник;429145191;2018;2020;537
299;S1584;Биоспутник;262599081;2022;2022;754
300;S230;Астрономический;244666834;2010;2011;31
301;S4174;Зондирования;51950312;2014;2015;969
302;S4805;Астрономический;161429844;2020;2022;355
303;S629;Биоспутник;148854919;2020;2021;701
304;S2449;Биоспутник;9236617;2017;2018;627
305;S4889;Астрономический;28395668;2010;2011;834
306;S4700;Зондирования;300862425;2022;2024;633
307;S1592;Астрономический;306693696;2021;2022;805
308;S195;Зондирования;279672610;2011;2011;470
309;S3684;Биоспутник;485843070;2014;2014;184
310;S3579;Зондирования;239933980;2015;2015;790
311;S4367;Астрономический;425669002;2016;2016;10
312;S1398;Зондирования;213421594;2011;2012;403
313;S380;Астрономический;94765047;2010;2010;455
314;S3123;Зондирования;48247705;2019;2021;288
315;S2868;Биоспутник;470215224;2021;2023;376
316;S2329;Астрономический;111057549;2020;2022;201
317;S2038;Зондирования;302340558;2019;2020;974
318;S72;Зондирования;231562313;2014;2015;11
319;S3680;Астрономический;284868110;2012;2012;56
320;S3103;Астрономический;493935182;2014;2015;659
321;S1638;Астрономический;324647596;2020;2022;917
322;S710;Зондирования;392577256;2017;2019;984
323;S1802;Биоспутник;203093737;2011;2011;172
324;S1360;Биоспутник;106957638;2010;2010;429
325;S4333;Астрономический;171725864;2018;2018;928
326;S226;Биоспутник;294102711;2010;2012;21
327;S1513;Астрономический;15512175;2017;2017;656
328;S3964;Астрономический;204600137;2016;2016;115
329;S1683;Зондирования;131350988;2015;2016;231
330;S4967;Астрономический;450696836;2014;2015;20
331;S3352;Биоспутник;315953144;2015;2015;482
332;S3542;Биоспутник;72947809;2014;2016;79
333;S2530;Биоспутник;121986272;2011;2011;280
334;S3459;Астрономический;122091260;2022;2023;931
335;S2525;Астрономический;105369187;2013;2014;303
336;S3099;Биоспутник;214577951;2012;2014;330
337;S2976;Биоспутник;270165291;2021;2021;374
338;S3678;Зондирования;323876178;2017;2018;454
339;S3904;Биоспутник;482665335;2019;2021;569
340;S3848;Зондирования;266845698;2019;2020;412
341;S2380;Зондирования;105066469;2018;2020;977
342;S4230;Зондирования;104847722;2019;2021;700
343;S3395;Зондирования;429700074;2022;2022;982
344;S2251;Астрономический;447810621;2011;2013;218
345;S3364;Астрономический;333362997;2019;2021;289
346;S4165;Зондирования;420530845;2018;2019;337
347;S2088;Астрономический;80474966;2015;2015;41
348;S4743;Астрономический;453449944;2020;2020;216
349;S3426;Биоспутник;161425674;2021;2023;528
350;S1778;Биоспутник;62048174;2021;2021;795
351;S642;Астрономический;69114872;2020;2021;407
352;S2905;Биоспутник;64432108;2012;2013;424
353;S1879;Астрономический;487718807;2013;2013;180
354;S985;Биоспутник;301861706;2012;2012;848
355;S4690;Зондирования;366041586;2011;2013;274
356;S762;Астрономический;23368104;2021;2023;294
357;S4004;Биоспутник;127954563;2019;2021;533
358;S114;Биоспутник;391702412;2018;2019;274
359;S4405;Биоспутник;51518846;2012;2012;216
360;S30;Зондирования;103574723;2018;2019;926
361;S1667;Зондирования;150656373;2021;2023;590
362;S1427;Зондирования;291832643;2013;2014;414
363;S3022;Зондирования;9296339;2018;2019;790
364;S3927;Биоспутник;64667109;2018;2018;967
365;S37;Биоспутник;396154021;2016;2017;963
366;S783;Биоспутник;382483564;2014;2014;369
367;S4633;Зондирования;416441213;2018;2018;689
368;S74;Биоспутник;231123270;2022;2022;385
369;S429;Астрономический;399587680;2020;2022;941
370;S4329;Зондирования;320347076;2016;2018;515
371;S4041;Астрономический;295713988;2021;2021;501
372;S990;Астрономический;112421166;2019;2020;344
373;S1208;Биоспутник;243083029;2014;2014;899
374;S1769;Биоспутник;264421742;2019;2020;227
375;S4519;Астрономический;281250546;2021;2021;526
376;S3622;Биоспутник;335740460;2021;2023;686
377;S4060;Биоспутник;403750917;2012;2014;142
378;S18;Зондирования;315318929;2016;2017;457
379;S3636;Астрономический;71421433;2020;2020;272
380;S3101;Биоспутник;49029727;2012;2012;283
381;S4750;Зондирования;376223814;2016;2016;632
382;S1120;Зондирования;268969778;2014;2014;844
383;S4866;Зондирования;388454208;2014;2015;352
384;S4164;Биоспутник;434783779;2017;2017;454
385;S2840;Зондирования;129831266;2017;2019;14
386;S3569;Биоспутник;354715717;2016;2016;55
387;S1276;Биоспутник;403055162;2017;2019;138
388;S2495;Биоспутник;90926323;2012;2014;372
389;S4471;Зондирования;476585573;2013;2015;236
390;S1533;Биоспутник;296847390;2016;2017;621
391;S1373;Биоспутник;48791873;2010;2010;209
392;S250;Биоспутник;12802046;2019;2019;306
393;S3547;Биоспутник;5023398;2012;2014;583
394;S4368;Астрономический;59176740;2014;2015;392
395;S1598;Астрономический;488900770;2021;2021;706
396;S2678;Астрономический;183978054;2012;2012;955
397;S3062;Биоспутник;27291064;2019;2021;533
398;S3092;Астрономический;319300950;2019;2021;18
399;S2223;Зондирования;263194818;2011;2011;895
400;S2246;Астрономический;366669498;2020;2022;642
401;S895;Астрономический;203959662;2020;2020;948
402;S4708;Астрономический;233155026;2010;2011;879
403;S1256;Зондирования;256227113;2021;2023;988
404;S3237;Биоспутник;153324890;2017;2018;800
405;S1135;Астрономический;34819302;2010;2010;113
406;S1679;Зондирования;365948561;2010;2011;812
407;S4770;Биоспутник;439680157;2014;2016;280
408;S4149;Биоспутник;36541785;2015;2016;74
409;S4221;Биоспутник;315965976;2014;2016;636
410;S2325;Зондирования;126184917;2022;2024;736
411;S4958;Биоспутник;131298089;2020;2022;343
412;S3501;Астрономический;73577011;2021;2022;439
413;S2288;Астрономический;254140482;2010;2012;412
414;S3756;Астрономический;258329418;2016;2016;43
415;S1340;Астрономический;258064878;2018;2019;14
416;S3030;Зондирования;365830080;2019;2019;707
417;S65;Астрономический;195916408;2012;2012;350
418;S512;Биоспутник;17304055;2021;2021;340
419;S3314;Астрономический;380316551;2021;2021;634
420;S348;Биоспутник;30409634;2012;2014;194
421;S3708;Астрономический;157103521;2014;2014;152
422;S842;Зондирования;362844146;2022;2023;667
423;S3924;Астрономический;73359711;2010;2010;700
424;S2308;Биоспутник;266827920;2019;2019;648
425;S2972;Биоспутник;406535662;2017;2019;107
426;S1875;Биоспутник;101062944;2018;2020;921
427;S211;Зондирования;380472224;2010;2011;185
428;S491;Биоспутник;93973994;2014;2014;394
429;S399;Зондирования;164878050;2014;2016;926
430;S4913;Астрономический;467999421;2017;2018;383
431;S4591;Астрономический;284512392;2014;2015;705
432;S64;Астрономический;208835569;2015;2017;545
433;S1114;Биоспутник;382423240;2012;2014;963
434;S4806;Астрономический;498886886;2021;2022;444
435;S458;Астрономический;215189749;2013;2015;167
436;S2648;Астрономический;53472367;2018;2019;593
437;S598;Биоспутник;415962702;2014;2016;362
438;S4523;Астрономический;198502401;2015;2015;392
439;S3822;Астрономический;337595808;2015;2015;120
440;S3204;Биоспутник;267672233;2010;2010;778
441;S4310;Биоспутник;437296859;2011;2011;393
442;S2599;Зондирования;153987608;2018;2020;191
443;S4626;Астрономический;463473384;2014;2014;832
444;S1923;Биоспутник;30782862;2021;2021;73
445;S306;Биоспутник;477990853;2013;2014;762
446;S1381;Биоспутник;478583251;2011;2012;289
447;S2057;Зондирования;35968356;2019;2019;730
448;S3670;Зондирования;102618234;2015;2016;595
449;S1958;Астрономический;306528531;2010;2011;366
450;S4336;Зондирования;134745938;2022;2024;306
451;S4263;Зондирования;338471664;2013;2014;286
452;S3442;Астрономический;158856764;2013;2013;848
453;S645;Астрономический;354698792;2013;2013;89
454;S1308;Зондирования;127004537;2020;2020;353
455;S4765;Биоспутник;17164238;2012;2014;705
456;S3854;Астрономический;440215511;2012;2014;73
457;S4226;Астрономический;142890274;2016;2018;257
458;S1030;Биоспутник;212983839;2012;2014;130
459;S2474;Биоспутник;117678232;2022;2023;563
460;S3794;Зондирования;71389915;2012;2014;264
461;S4875;Зондирования;323377168;2016;2017;917
462;S3114;Биоспутник;68246834;2019;2019;246
463;S4131;Зондирования;386187146;2017;2018;138
464;S52;Астрономический;46766093;2011;2012;452
465;S4345;Астрономический;264323099;2012;2014;867
466;S2580;Зондирования;370917271;2012;2013;458
467;S4275;Зондирования;244312168;2014;2015;425
468;S2314;Астрономический;390055791;2015;2015;242
469;S3100;Биоспутник;74580872;2020;2021;204
470;S2913;Астрономический;160747122;2018;2020;133
471;S3263;Зондирования;440909509;2016;2017;829
472;S3115;Биоспутник;98867516;2014;2016;652
473;S2444;Биоспутник;50371662;2017;2018;612
474;S3808;Астрономический;37322063;2013;2013;46
475;S2674;Астрономический;163788997;2012;2012;231
476;S2110;Зондирования;363619746;2020;2022;462
477;S3312;Астрономический;52390479;2016;2016;690
478;S1747;Астрономический;421140841;2010;2011;68
479;S565;Зондирования;466922640;2022;2024;114
480;S1140;Астрономический;318071117;2015;2015;92
481;S3873;Зондирования;192944679;2016;2017;363
482;S87;Зондирования;99090612;2011;2011;138
483;S3414;Зондирования;163274065;2020;2021;936
484;S1938;Астрономический;5435276;2017;2017;90
485;S1160;Биоспутник;293782500;2016;2017;812
486;S970;Астрономический;99457272;2020;2022;158
487;S3966;Зондирования;33481586;2011;2011;295
488;S602;Биоспутник;86793902;2010;2012;917
489;S404;Зондирования;307593509;2013;2014;296
490;S4506;Астрономический;187095776;2011;2011;888
491;S2687;Астрономический;325309070;2020;2022;932
492;S331;Биоспутник;230057766;2013;2013;219
493;S2887;Зондирования;146754481;2019;2019;925
494;S2968;Астрономический;207684643;2021;2023;750
495;S2211;Биоспутник;393515801;2013;2013;598
496;S4470;Астрономический;215290839;2012;2013;409
497;S1682;Астрономический;277675172;2017;2019;634
498;S763;Биоспутник;462630945;2016;2018;720
499;S2037;Биоспутник;470627968;2016;2018;938
500;S4071;Биоспутник;84952085;2010;2012;162
501;S3066;Биоспутник;431433659;2010;2011;460
502;S2164;Астрономический;150435247;2015;2016;940
503;S2123;Астрономический;39676841;2020;2022;59
504;S1926;Астрономический;114613655;2015;2017;551
505;S2609;Зондирования;389555626;2014;2015;333
506;S764;Зондирования;39802212;2020;2021;120
507;S1656;Астрономический;136670213;2011;2013;265
508;S3177;Биоспутник;450331741;2011;2013;13
509;S1369;Астрономический;93855251;2015;2016;881
510;S2477;Зондирования;420212561;2015;2015;871
511;S3909;Биоспутник;395889584;2021;2021;882
512;S521;Биоспутник;497866534;2010;2010;280
513;S603;Зондирования;473915710;2011;2013;997
514;S4752;Зондирования;82302622;2018;2018;463
515;S2213;Биоспутник;455142602;2021;2022;508
516;S3151;Астрономический;458359069;2019;2019;771
517;S2436;Биоспутник;310239278;2015;2016;987
518;S377;Биоспутник;306097387;2021;2023;309
519;S1198;Биоспутник;117719181;2021;2022;380
520;S1361;Биоспутник;89036538;2013;2015;8
521;S4382;Биоспутник;173510940;2021;2021;454
522;S515;Астрономический;102683201;2012;2014;357
523;S2068;Биоспутник;79712145;2010;2011;405
524;S4279;Зондирования;485600298;2016;2016;25
525;S630;Астрономический;299127993;2019;2019;86
526;S587;Астрономический;134013428;2013;2015;347
527;S4588;Астрономический;265909663;2012;2013;263
528;S4468;Зондирования;440624540;2011;2011;456
529;S3222;Биоспутник;18393194;2016;2018;790
530;S1970;Биоспутник;63122805;2014;2016;595
531;S3328;Биоспутник;489680404;2016;2016;156
532;S1541;Зондирования;91179215;2022;2024;355
533;S3494;Зондирования;384834219;2019;2019;756
534;S3250;Астрономический;356182192;2010;2012;192
535;S2509;Биоспутник;260111548;2020;2021;888
536;S2419;Астрономический;83699473;2021;2022;672
537;S2874;Зондирования;36010221;2015;2016;146
538;S4300;Биоспутник;198457806;2019;2020;646
539;S2229;Астрономический;357878823;2019;2020;283
540;S3370;Зондирования;372211487;2012;2013;53
541;S3631;Зондирования;57139756;2013;2013;111
542;S4394;Биоспутник;98380024;2010;2012;271
543;S1371;Астрономический;416407965;2014;2014;160
544;S4568;Зондирования;417423706;2014;2016;407
545;S2926;Биоспутник;214727337;2020;2022;748
546;S1102;Астрономический;23316245;2011;2013;392
547;S1601;Астрономический;466649314;2013;2014;974
548;S906;Зондирования;481331041;2015;2017;871
549;S4843;Биоспутник;125312957;2016;2017;407
550;S964;Биоспутник;50964162;2012;2012;576
551;S2732;Биоспутник;260695122;2021;2023;367
552;S4665;Астрономический;150643899;2015;2017;76
553;S376;Астрономический;116426094;2020;2021;612
554;S3203;Биоспутник;159828951;2014;2015;65
555;S4597;Зондирования;229314858;2010;2011;484
556;S3432;Биоспутник;421566895;2010;2011;500
557;S2115;Биоспутник;47610052;2015;2015;236
558;S1001;Зондирования;425179263;2010;2011;747
559;S4737;Биоспутник;495100954;2022;2024;729
560;S4185;Астрономический;41343303;2010;2011;101
561;S4163;Зондирования;348206042;2020;2020;502
562;S4684;Зондирования;225915360;2012;2012;21
563;S1254;Зондирования;241061019;2015;2017;940
564;S4546;Биоспутник;30166217;2013;2013;542
565;S4518;Биоспутник;56089722;2015;2017;557
566;S3994;Астрономический;137401590;2013;2014;602
567;S2222;Биоспутник;260100122;2015;2015;835
568;S4766;Биоспутник;462565740;2021;2021;860
569;S1214;Зондирования;157402846;2022;2024;6
570;S3191;Биоспутник;467489809;2020;2021;920
571;S1177;Зондирования;495613988;2016;2017;594
572;S1358;Зондирования;263688927;2018;2019;637
573;S4008;Астрономический;411344564;2021;2021;13
574;S2463;Астрономический;292036865;2017;2017;94
575;S99;Биоспутник;447909347;2019;2021;822
576;S2833;Астрономический;256127863;2013;2013;859
577;S1554;Зондирования;321414882;2013;2015;76
578;S2450;Биоспутник;182991090;2016;2018;328
579;S2888;Зондирования;88993365;2016;2018;422
580;S2199;Астрономический;72925367;2018;2020;334
581;S4972;Астрономический;134251998;2011;2011;908
582;S2244;Биоспутник;455567430;2017;2018;284
583;S3813;Зондирования;181682972;2016;2016;85
584;S925;Биоспутник;378903841;2021;2021;947
585;S2160;Зондирования;240768861;2016;2017;209
586;S1483;Биоспутник;344536305;2019;2019;689
587;S3408;Биоспутник;400247679;2014;2015;385
588;S4566;Зондирования;148816218;2015;2017;918
589;S3036;Астрономический;16630353;2021;2022;199
590;S101;Биоспутник;284498119;2018;2020;442
591;S8;Биоспутник;315554856;2012;2013;319
592;S2616;Биоспутник;263348416;2013;2013;67
593;S1495;Биоспутник;468285083;2013;2014;479
594;S2511;Астрономический;381074160;2010;2011;987
595;S4064;Зондирования;31252744;2016;2017;55
596;S1788;Астрономический;429656218;2011;2013;765
597;S3810;Зондирования;173249026;2019;2020;512
598;S3470;Астрономический;173042810;2015;2017;397
599;S256;Биоспутник;457854128;2013;2013;746
600;S1096;Астрономический;397700716;2013;2014;273
601;S2561;Астрономический;450774431;2021;2022;593
602;S219;Астрономический;222406379;2011;2013;620
603;S2008;Биоспутник;324399800;2019;2020;752
604;S860;Астрономический;321329674;2017;2019;366
605;S103;Зондирования;228520482;2015;2016;464
606;S2548;Астрономический;458776024;2020;2021;665
607;S3357;Зондирования;158141392;2015;2015;881
608;S2686;Астрономический;122669069;2021;2021;331
609;S1949;Биоспутник;63010486;2017;2017;472
610;S1392;Астрономический;381735169;2020;2022;996
611;S4970;Зондирования;257434292;2015;2017;621
612;S1535;Астрономический;494261724;2019;2019;867
613;S1551;Биоспутник;448711955;2015;2017;507
614;S2016;Биоспутник;251759743;2013;2013;832
615;S1335;Зондирования;482636128;2010;2012;880
616;S2226;Биоспутник;215833750;2016;2016;446
617;S308;Зондирования;297831897;2015;2015;506
618;S1784;Биоспутник;430112188;2022;2024;596
619;S4610;Зондирования;122127348;2011;2011;338
620;S387;Зондирования;27494097;2016;2018;822
621;S1647;Зондирования;252718480;2014;2014;501
622;S996;Биоспутник;373132221;2011;2013;533
623;S3478;Биоспутник;169022972;2018;2020;116
624;S668;Зондирования;347225543;2021;2023;768
625;S2778;Биоспутник;8103762;2021;2022;892
626;S1433;Биоспутник;203384161;2013;2014;473
627;S2287;Астрономический;394701249;2010;2012;276
628;S596;Биоспутник;133941352;2018;2020;858
629;S40;Астрономический;391878511;2019;2020;281
630;S1192;Биоспутник;319999966;2021;2021;903
631;S2771;Астрономический;311371256;2010;2010;106
632;S2722;Астрономический;170071677;2020;2021;204
633;S2570;Биоспутник;132839138;2013;2014;908
634;S1079;Зондирования;159578978;2010;2010;925
635;S2362;Биоспутник;181384217;2022;2022;10
636;S4136;Биоспутник;342561054;2016;2017;193
637;S889;Биоспутник;458637836;2011;2013;887
638;S4984;Зондирования;371584460;2013;2014;997
639;S1881;Астрономический;356167390;2013;2014;296
640;S4812;Зондирования;107322140;2016;2018;99
641;S269;Астрономический;314063710;2019;2019;651
642;S2559;Зондирования;73408737;2010;2011;105
643;S432;Биоспутник;123727040;2016;2016;403
644;S696;Зондирования;440483988;2017;2018;646
645;S2081;Зондирования;149403714;2012;2012;255
646;S2303;Зондирования;137956025;2016;2018;149
647;S2973;Биоспутник;206368562;2010;2012;371
648;S3694;Биоспутник;160089205;2019;2020;912
649;S457;Биоспутник;402676581;2017;2017;843
650;S4832;Биоспутник;338541515;2018;2019;115
651;S2336;Биоспутник;17055176;2020;2021;293
652;S4739;Биоспутник;430797004;2018;2018;669
653;S3283;Астрономический;193369883;2017;2018;748
654;S1859;Зондирования;286545785;2010;2012;98
655;S4277;Биоспутник;223023615;2014;2016;308
656;S2065;Зондирования;397046875;2016;2017;310
657;S2945;Зондирования;93339934;2011;2011;110
658;S4514;Биоспутник;75023632;2018;2020;454
659;S2879;Биоспутник;315370746;2017;2017;50
660;S2577;Зондирования;487318816;2021;2022;346
661;S1068;Астрономический;103677425;2016;2018;131
662;S2412;Биоспутник;243421958;2016;2017;872
663;S1664;Астрономический;361771000;2016;2016;267
664;S1289;Биоспутник;18316399;2020;2020;394
665;S1024;Астрономический;245899509;2019;2021;548
666;S4356;Биоспутник;264824567;2022;2023;809
667;S4094;Астрономический;295818777;2012;2014;727
668;S3638;Зондирования;72397991;2015;2017;405
669;S618;Зондирования;95012412;2014;2014;429
670;S1884;Зондирования;45560228;2015;2016;266
671;S2144;Астрономический;416091699;2011;2011;355
672;S2726;Биоспутник;113055295;2015;2017;969
673;S4334;Астрономический;197989320;2021;2023;270
674;S1179;Биоспутник;255903952;2014;2015;323
675;S3257;Биоспутник;476568100;2022;2023;552
676;S1063;Биоспутник;101450757;2021;2022;593
677;S3961;Биоспутник;144276497;2011;2011;224
678;S1190;Зондирования;309399745;2013;2015;496
679;S323;Зондирования;292300513;2013;2014;548
680;S944;Зондирования;77941769;2020;2021;744
681;S3837;Астрономический;313458812;2020;2020;993
682;S3897;Зондирования;378630323;2021;2023;647
683;S2242;Биоспутник;97810786;2019;2019;422
684;S2588;Биоспутник;471689822;2012;2012;145
685;S576;Зондирования;173184493;2012;2013;567
686;S2204;Астрономический;87399412;2014;2016;644
687;S1142;Астрономический;349286067;2011;2012;396
688;S4676;Зондирования;375255645;2014;2014;626
689;S4932;Зондирования;241705538;2014;2014;862
690;S1019;Зондирования;297114853;2013;2014;196
691;S2876;Зондирования;118073645;2017;2019;458
692;S627;Биоспутник;18299724;2015;2016;512
693;S1892;Биоспутник;397120558;2019;2020;514
694;S2410;Биоспутник;350164669;2019;2020;144
695;S4728;Зондирования;76884196;2018;2020;925
696;S2058;Зондирования;171676856;2019;2020;82
697;S408;Зондирования;56117537;2011;2011;214
698;S2696;Биоспутник;362228880;2014;2015;440
699;S68;Астрономический;166439477;2016;2018;256
700;S3551;Биоспутник;478246086;2021;2023;430
701;S4861;Биоспутник;256126217;2021;2021;274
702;S4594;Астрономический;228852424;2018;2019;755
703;S1947;Биоспутник;268061915;2011;2013;642
704;S2127;Астрономический;133913364;2017;2017;379
705;S2681;Биоспутник;391224625;2020;2022;390
706;S4403;Астрономический;109529153;2017;2018;536
707;S2697;Астрономический;386751346;2021;2021;427
708;S1022;Зондирования;241631581;2020;2022;234
709;S2591;Зондирования;467234784;2016;2017;451
710;S2925;Зондирования;55570228;2019;2020;728
711;S4348;Астрономический;147900934;2013;2015;338
712;S482;Биоспутник;243086749;2022;2024;98
713;S1432;Биоспутник;440477024;2021;2021;169
714;S4718;Зондирования;32063221;2017;2017;626
715;S2521;Биоспутник;202772530;2012;2012;708
716;S973;Биоспутник;281127853;2013;2015;313
717;S2209;Зондирования;126847823;2017;2019;562
718;S1957;Астрономический;371813260;2017;2017;745
719;S646;Зондирования;407839941;2021;2022;68
720;S2397;Биоспутник;103658002;2017;2017;287
721;S827;Биоспутник;11234208;2017;2018;679
722;S17;Зондирования;203909375;2019;2019;866
723;S2753;Зондирования;160582981;2019;2020;306
724;S3308;Биоспутник;375873663;2019;2020;730
725;S3775;Астрономический;288525256;2019;2021;736
726;S98;Биоспутник;272146489;2021;2022;323
727;S711;Астрономический;129867196;2013;2015;117
728;S2497;Астрономический;278355548;2014;2014;85
729;S3415;Зондирования;76528406;2015;2015;969
730;S2724;Астрономический;242545718;2013;2013;421
731;S2845;Астрономический;322426546;2020;2022;877
732;S2706;Астрономический;448733576;2013;2013;349
733;S3981;Астрономический;37270766;2015;2015;490
734;S1597;Зондирования;118067609;2020;2022;193
735;S3186;Астрономический;434468212;2014;2014;240
736;S4886;Астрономический;50237954;2013;2015;792
737;S2493;Зондирования;203177871;2012;2012;200
738;S4134;Биоспутник;287187954;2011;2011;181
739;S1067;Астрономический;471384472;2010;2011;473
740;S3152;Зондирования;38069994;2021;2022;602
741;S197;Астрономический;303941316;2017;2018;225
742;S84;Зондирования;218400522;2018;2018;899
743;S4909;Зондирования;430953087;2013;2015;363
744;S4876;Зондирования;381012978;2020;2020;442
745;S1977;Астрономический;489672421;2020;2021;428
746;S4397;Зондирования;249199213;2011;2011;698
747;S885;Биоспутник;208600645;2015;2016;673
748;S4433;Астрономический;307998547;2015;2015;553
749;S614;Зондирования;481014045;2013;2013;226
750;S4240;Биоспутник;290647531;2013;2015;849
751;S781;Биоспутник;26178792;2015;2016;755
752;S426;Биоспутник;449348880;2021;2021;695
753;S204;Зондирования;341306002;2010;2010;891
754;S3333;Зондирования;212702443;2022;2022;449
755;S3861;Зондирования;107760898;2018;2020;166
756;S1249;Астрономический;461897314;2013;2015;158
757;S352;Зондирования;2976230;2016;2016;163
758;S3919;Астрономический;177108914;2021;2023;845
759;S1064;Астрономический;374942897;2012;2012;408
760;S2178;Биоспутник;72157728;2015;2016;758
761;S978;Зондирования;183383470;2020;2021;365
762;S3175;Зондирования;246274244;2012;2014;650
763;S2519;Зондирования;193740821;2017;2018;828
764;S104;Биоспутник;430096797;2013;2015;919
765;S2691;Астрономический;382391119;2011;2012;211
766;S833;Астрономический;441645364;2011;2012;329
767;S2396;Зондирования;317568525;2022;2024;328
768;S3875;Биоспутник;419103278;2022;2022;687
769;S2469;Биоспутник;431417642;2011;2012;864
770;S3252;Биоспутник;4484951;2010;2011;506
771;S3120;Зондирования;66137114;2011;2011;523
772;S3913;Биоспутник;168858860;2021;2023;948
773;S203;Биоспутник;239879392;2022;2023;450
774;S2621;Зондирования;25963134;2019;2020;657
775;S268;Зондирования;100932379;2010;2011;882
776;S2437;Астрономический;218181959;2012;2014;181
777;S2916;Биоспутник;453632761;2015;2016;801
778;S2172;Биоспутник;311358966;2018;2018;93
779;S4189;Зондирования;373203243;2016;2018;70
780;S655;Астрономический;250333137;2013;2014;182
781;S4250;Зондирования;76285290;2016;2017;687
782;S3943;Зондирования;459543256;2021;2021;551
783;S1268;Биоспутник;470591092;2021;2021;752
784;S2989;Биоспутник;179870848;2013;2015;354
785;S4710;Биоспутник;477821112;2019;2021;457
786;S1238;Астрономический;181048340;2016;2017;13
787;S3096;Зондирования;408732804;2014;2015;144
788;S1356;Зондирования;47918304;2011;2013;856
789;S2363;Астрономический;344641923;2018;2018;401
790;S4423;Биоспутник;449997556;2012;2014;561
791;S3158;Зондирования;146054117;2015;2016;297
792;S1623;Биоспутник;20169519;2016;2017;115
793;S2890;Астрономический;213068673;2016;2018;518
794;S1821;Зондирования;16576290;2013;2014;384
795;S3624;Биоспутник;493044525;2017;2019;205
796;S501;Биоспутник;92927859;2014;2015;142
797;S2370;Зондирования;168499340;2013;2014;475
798;S876;Зондирования;268593744;2022;2022;177
799;S1579;Астрономический;172795083;2016;2016;947
800;S3686;Астрономический;339832546;2019;2019;481
801;S1091;Астрономический;217652506;2022;2023;800
802;S2422;Биоспутник;260305572;2012;2013;599
803;S2524;Зондирования;337850272;2011;2013;730
804;S3292;Биоспутник;151065733;2022;2024;515
805;S1203;Зондирования;431622355;2017;2018;983
806;S4613;Зондирования;68080806;2014;2016;110
807;S2193;Зондирования;102397070;2012;2013;998
808;S989;Зондирования;316427376;2014;2016;952
809;S511;Биоспутник;178980448;2013;2014;441
810;S298;Астрономический;256760746;2022;2023;920
811;S4853;Зондирования;461818979;2021;2023;911
812;S605;Зондирования;258917801;2011;2012;337
813;S1718;Зондирования;313264600;2017;2019;933
814;S1961;Зондирования;306542093;2012;2013;332
815;S4242;Биоспутник;22827871;2016;2018;29
816;S3945;Астрономический;317999092;2013;2015;814
817;S3912;Зондирования;101495409;2017;2018;843
818;S3725;Биоспутник;449915572;2015;2016;401
819;S1385;Зондирования;249993484;2021;2021;116
820;S4477;Биоспутник;318634646;2022;2023;977
821;S1124;Биоспутник;22976152;2016;2016;612
822;S3623;Биоспутник;87582086;2019;2019;65
823;S3493;Зондирования;385682213;2020;2022;41
824;S3910;Астрономический;203507951;2011;2013;566
825;S42;Астрономический;2675822;2017;2019;580
826;S1181;Астрономический;321671063;2015;2015;926
827;S3417;Зондирования;161526832;2016;2017;674
828;S4802;Астрономический;41949763;2017;2018;668
829;S737;Астрономический;337938084;2015;2015;984
830;S1111;Астрономический;260132826;2011;2011;401
831;S2078;Биоспутник;463683485;2020;2022;82
832;S3240;Биоспутник;337857556;2020;2021;805
833;S1036;Астрономический;236816915;2017;2019;322
834;S3821;Биоспутник;496598640;2013;2014;415
835;S1039;Зондирования;31165087;2021;2022;113
836;S1820;Зондирования;320244321;2022;2023;698
837;S1696;Зондирования;263940105;2019;2020;975
838;S573;Биоспутник;31917480;2015;2016;88
839;S857;Астрономический;323195639;2012;2013;318
840;S3104;Зондирования;493926992;2016;2016;781
841;S3208;Биоспутник;63446636;2016;2016;649
842;S1693;Астрономический;387975730;2016;2017;337
843;S1854;Зондирования;189351545;2018;2020;536
844;S4366;Зондирования;54172586;2010;2012;599
845;S406;Зондирования;466224329;2013;2014;745
846;S3221;Биоспутник;155699072;2022;2024;427
847;S4920;Зондирования;317970287;2019;2020;471
848;S339;Биоспутник;378975291;2010;2010;351
849;S1378;Астрономический;8306000;2017;2018;723
850;S2818;Зондирования;306060408;2020;2020;838
851;S2523;Биоспутник;327988233;2016;2016;910
852;S4491;Биоспутник;153845822;2020;2021;25
853;S227;Астрономический;346143065;2019;2020;672
854;S4587;Зондирования;68286027;2017;2019;929
855;S1897;Биоспутник;279687826;2022;2023;144
856;S2340;Зондирования;454638054;2010;2010;344
857;S468;Астрономический;485156956;2019;2021;251
858;S3552;Биоспутник;131624154;2017;2017;833
859;S3922;Астрономический;247740234;2013;2015;517
860;S757;Зондирования;298764437;2013;2014;532
861;S4100;Астрономический;216947311;2018;2018;727
862;S1837;Биоспутник;111335435;2013;2014;712
863;S1588;Астрономический;220023517;2016;2017;899
864;S2030;Астрономический;19681091;2012;2014;668
865;S3578;Астрономический;189904101;2019;2020;759
866;S2498;Зондирования;121103132;2011;2013;603
867;S2765;Биоспутник;423369892;2013;2015;183
868;S868;Биоспутник;402154546;2017;2017;203
869;S1800;Биоспутник;116981799;2010;2011;569
870;S2195;Зондирования;288240833;2013;2013;182
871;S1048;Биоспутник;14491243;2021;2022;901
872;S4142;Астрономический;428607462;2010;2010;147
873;S4871;Астрономический;101081197;2017;2017;28
874;S611;Биоспутник;86001682;2011;2011;807
875;S2996;Биоспутник;350292343;2018;2018;327
876;S2661;Биоспутник;348799630;2012;2013;112
877;S242;Астрономический;110743288;2018;2020;705
878;S2061;Астрономический;442905323;2016;2017;512
879;S1743;Зондирования;416501910;2017;2019;497
880;S2820;Астрономический;336286552;2018;2020;184
881;S588;Зондирования;3556317;2016;2017;320
882;S4121;Зондирования;219127055;2014;2014;590
883;S3926;Астрономический;177976499;2018;2019;320
884;S175;Биоспутник;450310878;2014;2015;337
885;S1443;Астрономический;261279560;2021;2022;138
886;S4074;Астрономический;209650441;2020;2020;630
887;S958;Астрономический;196309472;2016;2017;438
888;S4235;Зондирования;257917537;2017;2019;414
889;S4640;Биоспутник;256073244;2015;2015;941
890;S1984;Биоспутник;78903837;2022;2024;667
891;S1458;Зондирования;359824898;2015;2016;857
892;S2321;Зондирования;46228214;2016;2018;286
893;S2181;Зондирования;327047223;2016;2017;947
894;S3591;Биоспутник;431780635;2014;2016;708
895;S1620;Астрономический;252638965;2010;2012;249
896;S4893;Зондирования;313710541;2015;2016;934
897;S1824;Зондирования;408306210;2012;2013;844
898;S2863;Зондирования;384219527;2022;2023;642
899;S4642;Астрономический;466104582;2011;2012;393
900;S1246;Биоспутник;454766612;2010;2010;273
901;S1757;Зондирования;362871820;2019;2021;603
902;S214;Астрономический;383420134;2015;2017;524
903;S2992;Астрономический;100807120;2013;2014;725
904;S28;Астрономический;111379296;2016;2016;728
905;S1159;Астрономический;344571587;2015;2015;59
906;S3360;Астрономический;157168192;2020;2021;970
907;S4742;Зондирования;77176358;2016;2017;937
908;S2896;Астрономический;56130135;2022;2023;870
909;S1773;Биоспутник;339031993;2012;2012;164
910;S4937;Астрономический;324235932;2012;2013;226
911;S4940;Зондирования;245239162;2020;2020;428
912;S2805;Биоспутник;340912477;2012;2012;228
913;S3304;Биоспутник;414445500;2012;2013;74
914;S2750;Астрономический;260513625;2018;2018;156
915;S180;Биоспутник;450540162;2019;2020;769
916;S1336;Астрономический;113290634;2021;2021;352
917;S2839;Биоспутник;239752580;2012;2013;548
918;S3119;Астрономический;63467253;2015;2015;838
919;S2312;Зондирования;72708028;2014;2015;553
920;S3553;Биоспутник;50303377;2022;2024;888
921;S788;Астрономический;314705524;2012;2013;17
922;S2053;Астрономический;408419638;2011;2013;844
923;S967;Зондирования;316286456;2013;2014;800
924;S409;Биоспутник;319211103;2020;2022;907
925;S483;Зондирования;168153154;2010;2011;650
926;S2216;Биоспутник;407254991;2018;2019;923
927;S3952;Биоспутник;258085095;2018;2019;351
928;S982;Астрономический;203777513;2011;2012;836
929;S4908;Астрономический;103858264;2019;2020;658
930;S4815;Биоспутник;120197992;2012;2014;509
931;S4695;Зондирования;128895067;2016;2016;65
932;S2305;Зондирования;135395515;2012;2013;114
933;S1445;Зондирования;383960118;2016;2017;155
934;S2210;Биоспутник;332961842;2016;2016;286
935;S4137;Зондирования;99335868;2019;2019;228
936;S1992;Зондирования;411220828;2016;2016;280
937;S1839;Зондирования;363731943;2020;2022;363
938;S926;Биоспутник;436587747;2011;2012;690
939;S3520;Биоспутник;270781594;2018;2018;472
940;S3396;Биоспутник;454146190;2014;2016;36
941;S1904;Биоспутник;257149626;2012;2013;568
942;S1727;Астрономический;408551110;2014;2014;729
943;S1529;Зондирования;41380474;2012;2012;984
944;S4143;Астрономический;50177503;2018;2019;290
945;S3487;Астрономический;249521586;2017;2018;295
946;S3150;Биоспутник;301324926;2011;2013;630
947;S3130;Астрономический;35004582;2015;2017;247
948;S2736;Зондирования;484080063;2011;2013;930
949;S3160;Зондирования;183124328;2010;2010;335
950;S1869;Зондирования;153952810;2012;2014;735
951;S1542;Биоспутник;256519039;2017;2018;684
952;S1536;Биоспутник;125119555;2019;2021;80
953;S285;Астрономический;178374426;2018;2018;59
954;S1959;Биоспутник;443424373;2022;2024;196
955;S421;Зондирования;168997237;2016;2017;748
956;S4897;Биоспутник;39233816;2019;2020;206
957;S489;Астрономический;66278852;2012;2014;982
958;S4244;Биоспутник;110977780;2019;2019;740
959;S1014;Зондирования;274760943;2013;2013;617
960;S1739;Зондирования;83232265;2013;2014;669
961;S4673;Биоспутник;489651091;2021;2021;277
962;S3300;Зондирования;362041537;2016;2018;929
963;S193;Биоспутник;42889024;2016;2017;857
964;S508;Биоспутник;153199952;2013;2015;728
965;S96;Биоспутник;195101030;2016;2016;841
966;S2883;Зондирования;82890839;2010;2011;188
967;S4592;Зондирования;81990571;2010;2012;203
968;S1505;Астрономический;22817097;2019;2019;676
969;S4141;Астрономический;467098218;2013;2014;128
970;S1134;Биоспутник;176463391;2013;2015;180
971;S913;Зондирования;5028295;2010;2011;464
972;S4046;Астрономический;234671588;2015;2016;868
973;S3489;Зондирования;336108541;2022;2023;38
974;S4877;Зондирования;335595642;2018;2018;619
975;S2031;Астрономический;449759933;2014;2016;754
976;S4198;Астрономический;340813228;2016;2018;840
977;S4401;Зондирования;228885439;2019;2021;35
978;S1807;Астрономический;193687094;2017;2018;935
979;S3113;Биоспутник;235816792;2017;2017;457
980;S3509;Биоспутник;205924983;2022;2022;541
981;S3886;Зондирования;266842598;2013;2013;85
982;S4395;Зондирования;128885155;2013;2013;637
983;S514;Зондирования;122132106;2012;2012;231
984;S401;Астрономический;290141103;2016;2017;839
985;S2378;Зондирования;332961596;2011;2013;729
986;S4483;Биоспутник;43235847;2014;2016;962
987;S4095;Зондирования;14048888;2010;2010;891
988;S1716;Биоспутник;112201083;2019;2020;795
989;S3789;Астрономический;217385717;2014;2014;319
990;S2113;Зондирования;469194022;2017;2017;158
991;S1519;Биоспутник;131400519;2017;2018;386
992;S664;Астрономический;257407105;2017;2017;249
993;S3921;Астрономический;431648649;2016;2016;110
994;S4291;Астрономический;164813320;2022;2023;932
995;S4037;Зондирования;320298677;2019;2021;137
996;S3349;Зондирования;244113978;2011;2012;400
997;S1900;Биоспутник;63835056;2017;2017;198
998;S878;Биоспутник;475588671;2012;2014;522
999;S3845;Зондирования;333409561;2012;2012;237
1000;S2594;Астрономический;153515092;2017;2019;459
